Term,Genes
2-Oxocarboxylic acid metabolism,Citraconic acid;N-Acetyl-DL-Glutamic acid;Alpha-Aminoadipate;2-Oxoadipic acid;Phenylpyruvate;L-Leucine;L-Methionine;L-Isoleucine;L-Ornithine;L-Valine;3-(4-Hydroxyphenyl)pyruvate;L-Lysine;Isocitric acid;L-Tryptophan;Citrate;L-Phenylalanine;L-Glutamic acid;L-Tyrosine;L-Aspartic acid;Oxaloacetate;Alpha-Ketoglutaric acid;Pyruvate
Alcoholism,"3,4-Dihydroxyphenylacetate;3,4-Dihydroxy-L-Phenylalanine;Adenosine;Dopamine;L-Tyrosine;L-Glutamic acid;Adenosine 3',5'-cyclic monophosphate"
"Cutin, suberine and wax biosynthesis",Oleate;Palmitate
Cyanoamino acid metabolism,L-Asparagine;L-Isoleucine;L-Phenylalanine;L-Serine;L-Valine;Glycine;L-Cysteine;L-Tyrosine;L-Aspartic acid
Cysteine and methionine metabolism,1-Aminocyclopropane-1-Carboxylate;3-Sulfino-L-Alanine;5'-Methylthioadenosine;Glutathione;Homocystine;L-Cysteic acid;L-Homocysteine;L-Methionine;Mercaptopyruvate;O-Acetyl-L-Serine;O-Succinyl-L-Homoserine;Ophthalmic acid;S-(5'-adenosyl)-L-Homocysteine;L-Alanine;L-Cystathionine;L-Cysteine;L-Homoserine;O-Phospho-L-Serine;S-(5'-adenosyl)-L-methionine;L-Serine;D-(-)-3-Phosphoglyceric acid;L-Aspartic acid;Pyruvate
D-Amino acid metabolism,"5-Oxo-D-Proline;D-Alanine;D-Ornithine;Pyrrole-2-carboxylate;Cadaverine;D-Aspartic acid;L-Methionine;LL-2,6-diaminoheptanedioate;trans-4-Hydroxy-L-Proline;5-Aminopentanoate;L-Lysine;L-Ornithine;Phenylpyruvate;L-Histidine;L-Phenylalanine;L-Threonine;L-Alanine;L-Arginine;L-Glutamine;L-Serine;Oxaloacetate;L-Proline;Glycine;L-Cysteine;L-Glutamic acid;L-Aspartic acid;Alpha-Ketoglutaric acid;Pyruvate"
Degradation of aromatic compounds,"2-Methylpropanoate;3,4-Dihydroxyphenylacetate;Adipic acid;1-Hydroxy-2-Naphthoate;4-Hydroxyphenylacetic acid;3-Hydroxybenzoate;4-Methylcatechol;Propionate;4-Coumarate;3,4-Dihydroxybenzoate;Benzoate;4-Hydroxybenzoate;Salicylate;Trans-cinnamate;Anthranilate;Succinyl-CoA;Fumarate;Succinic acid;Pyruvate;Acetyl-CoA"
Diabetic cardiomyopathy,"L-Carnitine;D-Sorbitol;D-Glucosamine 6-phosphate;Glutathione disulfide;Glutathione;Beta-Nicotinamide Adenine Dinucleotide Phosphate;D-Fructose;Glycerate-1,3-diphosphate;D-Fructose 6-phosphate;Uridine 5'-diphospho-n-acetylglucosamine;Glyceraldehyde 3-phosphate;Adenosine 5'-triphosphate;Alpha-D-Glucose;Pyruvate;Acetyl-CoA"
Dilated cardiomyopathy,"Adenosine 3',5'-cyclic monophosphate"
Dioxin degradation,Salicylate;Benzoate;Anthranilate;Acetyl-CoA;Pyruvate
Diterpenoid biosynthesis,Geranyl pyrophosphate
Dopaminergic synapse,"Homovanillate;3-Methoxytyramine;3,4-Dihydroxyphenylacetate;3,4-Dihydroxy-L-Phenylalanine;Dopamine;L-Tyrosine;Adenosine 3',5'-cyclic monophosphate"
Aldosterone-regulated sodium reabsorption,"Cortisone;Cortisol;Adenosine 3',5'-cyclic monophosphate"
Drug metabolism - other enzymes,Thiopurine s-Methylether;Beta-Nicotinamide Adenine Dinucleotide Phosphate;NAD
Eicosanoids,Arachidonic acid
Endocrine and other factor-regulated calcium reabsorption,"Adenosine 3',5'-cyclic monophosphate"
Endocrine resistance,"Adenosine 3',5'-cyclic monophosphate"
Endocytosis,Guanosine 5'-diphosphate;Guanosine 5'-triphosphate
Estrogen signaling pathway,"4-Aminobutyric acid;Adenosine 3',5'-cyclic monophosphate"
Ethylbenzene degradation,Propionate;Acetyl-CoA
Fat digestion and absorption,Coenzyme A
Fatty acid biosynthesis,Caprylic acid;Decanoate;Lauric acid;Malonate;Myristic acid;Oleate;Palmitate;Palmitoleic acid;Stearate;Acetyl-CoA
Fatty acid degradation,Coenzyme A;Glutaric acid;Palmitoyl-L-Carnitine;Palmitate;Acetyl-CoA
Aldosterone synthesis and secretion,"Corticosterone;Beta-Nicotinamide Adenine Dinucleotide Phosphate;NAD;Guanosine 3',5'-cyclic monophosphate;Arachidonic acid;Adenosine 5'-monophosphate;Adenosine 3',5'-cyclic monophosphate"
Fatty acid elongation,Palmitate;Acetyl-CoA
Fatty acid metabolism,Palmitoyl-L-Carnitine;Malonate;Palmitate;Acetyl-CoA
Fc epsilon RI signaling pathway,Histamine;Arachidonic acid
Fc gamma R-mediated phagocytosis,Arachidonic acid
Ferroptosis,Adrentic acid;Glutathione disulfide;Arachidonic acid;Glutathione;(RS)-Mevalonic acid;Coenzyme A;Isopentenyl Pyrophosphate;DL-3-Hydroxy-3-Methylglutaryl Coenzyme A;L-Cysteine;L-Glutamic acid;Acetyl-CoA
Folate biosynthesis,"7,8-Dihydro-L-Biopterin;4-Aminobenzoate;Folic acid;Guanosine 5'-triphosphate;4-Hydroxybenzoate"
FoxO signaling pathway,Adenosine 5'-diphosphate;Adenosine 5'-monophosphate;Alpha-D-Glucose;L-Glutamic acid
Fructose and mannose metabolism,6-Deoxy-L-Galactose;D-Fructose;D-Mannose 6-phosphate;D-Sorbitol;L-Rhamnose;Mannitol;(S)-Lactate;Dihydroxyacetone phosphate;Glyceraldehyde 3-phosphate
Furfural degradation,Alpha-Ketoglutaric acid
GABAergic synapse,"4-Aminobutyric acid;L-Glutamine;Succinic acid;Alpha-Ketoglutaric acid;Adenosine 3',5'-cyclic monophosphate;L-Glutamic acid"
alpha-Linolenic acid metabolism,Methyl Jasmonate;Stearidonic acid
Galactose metabolism,Alpha-D-Galactose 1-phosphate;D-(+)-Galactosamine;D-(+)-Raffinose;D-Fructose 6-phosphate;D-Lactose;D-Tagatose;Galactitol;Melibiose;Myo-inositol;N-Acetyl-D-Galactosamine;Stachyose;Sucrose;D-Fructose;D-Sorbitol;Alpha-D-Glucose 1-phosphate;Alpha-D-Glucose;D-Glucose-6-phosphate;Dihydroxyacetone phosphate;Glyceraldehyde 3-phosphate
Gap junction,"Guanosine 3',5'-cyclic monophosphate;Dopamine;Adenosine 3',5'-cyclic monophosphate;L-Glutamic acid"
Gastric acid secretion,"Histamine;Acetylcholine;Adenosine 3',5'-cyclic monophosphate"
Gastric cancer,Retinoate
Geraniol degradation,3-Methylcrotonyl-CoA
Glucagon signaling pathway,"Fructose 1,6-bisphosphate;D-Fructose 6-phosphate;(S)-Lactate;L-2-Phosphoglyceric acid;Alpha-D-Glucose 1-phosphate;D-Glucose-6-phosphate;Isocitric acid;(S)-Malate;Alpha-D-Glucose;Citrate;Phospho(enol)pyruvic acid;D-(-)-3-Phosphoglyceric acid;Fumarate;Oxaloacetate;Succinic acid;Alpha-Ketoglutaric acid;Adenosine 3',5'-cyclic monophosphate;Acetyl-CoA;Pyruvate"
Glucocorticoid and mineralocorticoid receptor agonists/antagonists,Cortisone;Cortisol
Glucosinolate biosynthesis,L-Leucine;L-Methionine;L-Isoleucine;L-Tryptophan;L-Valine;L-Phenylalanine;L-Tyrosine
Glutamatergic synapse,"L-Glutamine;Adenosine 3',5'-cyclic monophosphate;L-Glutamic acid"
Glutathione metabolism,5-Oxo-L-Proline;Glutathione disulfide;L-Cysteinylglycine;Beta-Nicotinamide Adenine Dinucleotide Phosphate;Glutathione;L-Dehydroascorbic acid;Cadaverine;L-Ornithine;Glycine;L-Cysteine;L-Glutamic acid;Acetyl-CoA
Amino sugar and nucleotide sugar metabolism,D-(+)-Glucosamine;N-Acetyl-D-Glucosamine;N-Acetyl-D-Mannosamine;N-Acetyl-Glucosamine-6-phosphate;N-Acetylneuraminate;Uridine 5'-diphospho-n-acetylglucosamine;Uridine 5'-diphosphogalactose;6-Deoxy-L-Galactose;Adenosine-5'-diphosphoglucose;Alpha-D-Galactose 1-phosphate;D-Glucosamine 6-phosphate;D-Mannose 6-phosphate;D-Xylose;N-Acetyl-D-Galactosamine;Uridine 5'-diphospho-n-acetylgalactosamine;Arabinose;D-(-)-Arabinose;D-(+)-Galacturonic acid;D-Glucuronic acid;Uridine 5'-diphosphoglucuronic acid;D-Glucose-6-phosphate;Alpha-D-Glucose 1-phosphate;Alpha-D-Glucose
Glycerolipid metabolism,Sn-glycerol 3-phosphate;Glycerate;L-2-Phosphoglyceric acid;D-(-)-3-Phosphoglyceric acid;Dihydroxyacetone phosphate;Alpha-D-Glucose 1-phosphate
Glycerophospholipid metabolism,Acetylcholine;CDP-ethanolamine;Diethanolamine;Ethanolamine;Cytidine 5'-Diphosphocholine;O-Phosphorylethanolamine;Phosphocholine;Sn-glycerol 3-phosphate;Choline;L-Serine;Dihydroxyacetone phosphate
"Glycine, serine and threonine metabolism",5-Aminolevulinic acid;Betaine;Choline;Creatine;Guanidinoacetate;L-Allothreonine;L-Cystathionine;L-Cysteine;L-Homoserine;L-Serine;L-Threonine;L-Tryptophan;O-Phospho-L-Serine;Sarcosine;Glycerate;D-(-)-3-Phosphoglyceric acid;Glycine;Glyoxylic acid;L-2-Phosphoglyceric acid;L-Aspartic acid;Pyruvate
Glycolysis / Gluconeogenesis,"(S)-Lactate;Acetyl-CoA;Alpha-D-Glucose 1-phosphate;Alpha-D-Glucose;D-(-)-3-Phosphoglyceric acid;D-Glucose-6-phosphate;Dihydroxyacetone phosphate;Glyceraldehyde 3-phosphate;Glycerate-1,3-diphosphate;L-2-Phosphoglyceric acid;Oxaloacetate;Phospho(enol)pyruvic acid;Pyruvate;Thiamine pyrophosphate"
Glycosaminoglycan biosynthesis - chondroitin sulfate / dermatan sulfate,"Adenosine 3',5'-diphosphate"
Glycosaminoglycan biosynthesis - heparan sulfate / heparin,"Adenosine 3',5'-diphosphate"
Glycosylphosphatidylinositol (GPI)-anchor biosynthesis,O-Phosphorylethanolamine;Uridine 5'-diphospho-n-acetylglucosamine
Glyoxylate and dicarboxylate metabolism,"(R,R)-Tartaric acid;Meso-tartaric acid;Isocitric acid;(S)-Malate;Citrate;Oxalic acid;Glycerate;L-2-Phosphoglyceric acid;D-(-)-3-Phosphoglyceric acid;Glyoxylic acid;L-Glutamine;Oxaloacetate;Succinyl-CoA;L-Serine;Glycine;Succinic acid;L-Glutamic acid;Alpha-Ketoglutaric acid;Pyruvate;Acetyl-CoA"
GnRH secretion,4-Aminobutyric acid
GnRH signaling pathway,"Arachidonic acid;Adenosine 3',5'-cyclic monophosphate"
Aminoacyl-tRNA biosynthesis,L-Asparagine;L-Leucine;L-Methionine;O-Phospho-L-Serine;L-Histidine;L-Arginine;L-Isoleucine;L-Lysine;L-Threonine;L-Alanine;L-Proline;L-Tryptophan;L-Valine;L-Phenylalanine;L-Glutamine;L-Serine;L-Cysteine;Glycine;L-Aspartic acid;L-Tyrosine;L-Glutamic acid
"Growth hormone synthesis, secretion and action","Adenosine 3',5'-cyclic monophosphate"
Hedgehog signaling pathway,"Adenosine 3',5'-cyclic monophosphate"
HIF-1 signaling pathway,(S)-Lactate;Adenosine 5'-triphosphate;Alpha-D-Glucose;Alpha-Ketoglutaric acid;Acetyl-CoA;Pyruvate
Histamine H2/H3 receptor agonists/antagonists,Histamine
Histidine metabolism,4-Imidazoleacetic acid;Carnosine;Histamine;L-Anserine;L-Histidine;L-Histidinol;N(pai)-Methyl-L-Histidine;Urocanate;5-Aminoimidazole-4-Carboxamide-1-Beta-D-Ribofuranosyl 5'-monophosphate;L-Glutamic acid;L-Aspartic acid;Alpha-Ketoglutaric acid
HMG-CoA reductase inhibitors,DL-3-Hydroxy-3-Methylglutaryl Coenzyme A
Human papillomavirus infection,"Adenosine 3',5'-cyclic monophosphate"
Human T-cell leukemia virus 1 infection,"Adenosine 3',5'-cyclic monophosphate"
Huntington disease,L-Glutamic acid
Hypertrophic cardiomyopathy,Adenosine 5'-triphosphate
Aminobenzoate degradation,"4-Aminobenzoate;Mandelic acid;2-Aminophenol;2,3-Dihydroxybenzoate;3-Hydroxyanthranilate;3,4-Dihydroxybenzoate;Benzoate;4-Hydroxybenzoate;Anthranilate;Hydroquinone"
Indole alkaloid biosynthesis,L-Tryptophan;Alpha-D-Glucose
Indole diterpene alkaloid biosynthesis,Geranyl pyrophosphate
Inflammatory mediator regulation of TRP channels,"Trans-cinnamaldehyde;Histamine;Arachidonic acid;Adenosine 5'-triphosphate;Adenosine 3',5'-cyclic monophosphate"
Inositol phosphate metabolism,D-Glucuronic acid;Myo-inositol;Dihydroxyacetone phosphate;Glyceraldehyde 3-phosphate;Acetyl-CoA
Insulin resistance,O-Acetyl-L-carnitine;D-Glucosamine 6-phosphate;D-Fructose;D-Fructose 6-phosphate;Uridine 5'-diphospho-n-acetylglucosamine;Alpha-D-Glucose;Acetyl-CoA;Pyruvate
Insulin secretion,"Acetylcholine;Alpha-D-Glucose;Adenosine 5'-triphosphate;Adenosine 3',5'-cyclic monophosphate;Pyruvate"
Insulin signaling pathway,"Alpha-D-Glucose;Adenosine 3',5'-cyclic monophosphate"
Intestinal immune network for IgA production,Retinoate
Isoquinoline alkaloid biosynthesis,"3,4-Dihydroxy-L-Phenylalanine;Dopamine;Tyramine;4-Coumarate;3-(4-Hydroxyphenyl)pyruvate;L-Tyrosine"
Leishmaniasis,Arachidonic acid
Amoebiasis,"L-Arginine;Arachidonic acid;Adenosine 3',5'-cyclic monophosphate"
Leukocyte transendothelial migration,"Adenosine 3',5'-cyclic monophosphate"
Linoleic acid metabolism,Dihomo-gamma-Linolenic acid;Gamma-linolenic acid;Linoleate;Arachidonic acid
Lipoic acid metabolism,Caprylic acid
Lipopolysaccharide biosynthesis,Uridine 5'-diphospho-n-acetylglucosamine
Long-term depression,"Guanosine 3',5'-cyclic monophosphate;Arachidonic acid;L-Glutamic acid"
Long-term potentiation,"Adenosine 3',5'-cyclic monophosphate;L-Glutamic acid"
Longevity regulating pathway,"NAD;Adenosine 3',5'-cyclic monophosphate;Adenosine 5'-monophosphate"
Longevity regulating pathway - multiple species,"Adenosine 3',5'-cyclic monophosphate"
Longevity regulating pathway - worm,Nicotinamide;Oleate;NAD
Lysine biosynthesis,"2-Oxoadipic acid;Alpha-Aminoadipate;L-Lysine;LL-2,6-diaminoheptanedioate;L-Homoserine;Alpha-Ketoglutaric acid;L-Aspartic acid;Acetyl-CoA"
Amphetamine addiction,"3,4-Dihydroxyphenylacetate;3,4-Dihydroxy-L-Phenylalanine;Dopamine;L-Tyrosine;L-Glutamic acid;Adenosine 3',5'-cyclic monophosphate"
Lysine degradation,"(S)-2-Hydroxyglutarate;5-Aminopentanoate;Cadaverine;DL-5-Hydroxylysine;N6,N6,N6-Trimethyl-L-Lysine;Pipecolate;2-Oxoadipic acid;Acetoacetate;Alpha-Aminoadipate;Glutaric acid;L-Lysine;Glycine;Succinic acid;Alpha-Ketoglutaric acid;Acetyl-CoA"
Lysosome,D-Mannose 6-phosphate;Adenosine 5'-diphosphate;Adenosine 5'-triphosphate
Mannose type O-glycan biosynthesis,Cytidine 5'-triphosphate
MAPK signaling pathway,"Adenosine 3',5'-cyclic monophosphate"
Meiosis - yeast,"Adenosine 3',5'-cyclic monophosphate;Alpha-D-Glucose"
Melanogenesis,"L-Tyrosine;Adenosine 3',5'-cyclic monophosphate"
Metabolic pathways,"2-Methylpropanoate;Hippurate;(2-Aminoethyl)phosphonate;(R)-Malate;(R,R)-Tartaric acid;(S)-2-Hydroxyglutarate;(S)-Dihydroorotate;11-Deoxycortisol (Reichstein's substance S);2'-Deoxyadenosine 5'-triphosphate;2'-Deoxyadenosine;2'-Deoxycytidine 5'-diphosphate;2'-Deoxycytidine 5'-monophosphate;2'-Deoxyguanosine 5'-diphosphate;2'-Deoxyguanosine 5'-monophosphate;2'-Deoxyguanosine 5'-triphosphate;2'-Deoxyguanosine;2'-Deoxyuridine 5'-monophosphate;2'-Deoxyuridine 5'-triphosphate;2,6-Dihydroxypyridine;3-Aminoisobutanoate;3-Hydroxybutanoic acid;3-Methoxy-4-Hydroxymandelate;3,3',5'-Triiodothyronine;3,4-Dihydroxyphenyl Glycol;3,4-Dihydroxyphenylacetate;3,5-Diiodo-L-Tyrosine;4-Acetamidobutanoic acid;4-Guanidinobutanoate;4-Hydroxy-2-Quinolinecarboxylic acid;4-Imidazoleacetic acid;4-Pyridoxate;5'-CMP;5-Hydroxyindoleacetate;5-Methylcytosine;5-Oxo-D-Proline;5-Oxo-L-Proline;6-Hydroxynicotinate;6-Phosphogluconic acid;7,8-Dihydro-L-Biopterin;Adenosine 2',3'-cyclic monophosphate;Adenosine 3',5'-cyclic monophosphate;Adenosine 5'-diphosphoribose;Adenosine;Adipic acid;Betaine;Biotin;Bis(3-aminopropyl)amine;Butanal;Butanoate;CDP-ethanolamine;Citramalate;Citrulline;Corticosterone;Cortisol;Cortisone;Creatinine;Cytidine 5'-diphosphate;Cytidine;Cytosine;D-(+)-Cellobiose;D-(+)-Galactosamine;D-(+)-Glucosamine;D-(+)-Raffinose;D-(+)-Trehalose;D-Gluconic acid;D-Glucuronolactone;D-Lactose;D-Ribose;D-Saccharic acid;D-Tagatose;dAMP;Decanoate;Deoxycytidine;Deoxyuridine;Desmosterol;Dethiobiotin;Dihydroxymandelic acid;DL-5-Hydroxylysine;DL-Kynurenine;DL-Normetanephrine;Epinephrine;Ethanolamine;Flavin adenine dinucleotide;Galactarate;Galactitol;Glutathione disulfide;Guanine;Guanosine 3',5'-cyclic monophosphate;Guanosine 5'-diphosphate;Guanosine;Homovanillate;Hypotaurine;Hypoxanthine;Indole-3-Acetaldehyde;Indole-3-Acetamide;Inosine 5'-Diphosphate;Inosine 5'-triphosphate;Inosine;Itaconate;L-Allothreonine;L-Arabitol;L-Cysteinylglycine;L-Histidinol;L-Rhamnose;L-Selenomethionine;Maltose;Mannitol;Melatonin;Melibiose;Mercaptopyruvate;Meso-tartaric acid;Methyl 4-aminobutyrate;Myristic acid;N-Acetyl-D-Glucosamine;N-Acetyl-DL-Glutamic acid;N-Acetyl-Glucosamine-6-phosphate;N-Acetyl-L-Aspartic acid;N-Acetyl-L-Phenylalanine;N-Acetylputrescine;N-Acetylserotonin;N-Methyl-L-Glutamic acid;N-Methyltryptamine;N(pai)-Methyl-L-Histidine;N6,N6,N6-Trimethyl-L-Lysine;Nicotinamide mononucleotide;Nicotinamide;Ophthalmic acid;Orotate;Palmitoleic acid;Phenethylamine;Phosphocreatine;Phosphonoacetate;Pimelic acid;Pyridoxal;Pyridoxamine;Pyridoxine;Quinate;Retinoate;Riboflavin;Rosmarinic acid;S-(5'-adenosyl)-L-Homocysteine;Sphinganine;Stachyose;Thiamine monophosphate;Thiamine;Thymidine 5'-monophosphate;Thymidine;Thymine;Thyroxine;Trans-aconitate;Trimethylamine;Urate;Uridine-5-monophosphate;Uridine 5'-diphosphogalactose;Uridine 5'-triphosphate;Uridine;Urocanate;Vitamin k2;Xylitol;1-Hydroxy-2-Naphthoate;2-Aminophenol;2-Hydroxyphenylacetic acid;3-Amino-4-Hydroxybenzoic acid;3-Hydroxyanthranilate;3-Methylcrotonyl-CoA;3-Sulfino-L-Alanine;4-Hydroxy-L-Phenylglycine;4-Hydroxyphenylacetic acid;5-Hydroxy-L-Tryptophan;6-Deoxy-L-Galactose;Adenine;Adenosine-5'-diphosphoglucose;Alpha-D-Galactose 1-phosphate;Carnosine;Chenodeoxycholic acid;Cholate;Citraconic acid;Creatine;Cytidine 5'-Diphosphocholine;Cytidine 5'-triphosphate;D-Aspartic acid;D-Glucosamine 6-phosphate;D-Ornithine;D-Pantothenic acid;D-Sorbitol;D-Xylose;Dihomo-gamma-Linolenic acid;Dimethylbenzimidazole;DL-2,3-Diaminopropionic acid;Ferulate;Gamma-linolenic acid;Glutaric acid;Glutathione;Glycocholate;Guanidinoacetate;Histamine;Indole-3-acetate;L-Anserine;L-Cystathionine;L-Cysteic acid;L-Dehydroascorbic acid;L-Homocysteine;Lauric acid;LL-2,6-diaminoheptanedioate;N-Acetyl-D-Galactosamine;N-Acetyl-D-Mannosamine;N-Acetylneuraminate;O-Succinyl-L-Homoserine;Paraxanthine;Phenylacetaldehyde;Phenylacetic acid;Phosphocholine;Pyridoxal 5'-phosphate;Ribitol;Sarcosine;Sn-glycerol 3-phosphate;Sucrose;trans-4-Hydroxy-L-Proline;Trans-cinnamaldehyde;Uridine 5'-diphosphate;1-Aminocyclopropane-1-Carboxylate;2,5-Dihydroxybenzoate;3-(2-Hydroxyphenyl)propanoate;3-Hydroxyphenylacetate;3-Methoxytyramine;3-Ureidopropionate;4-Aminobenzoate;4-Methylcatechol;5'-Methylthioadenosine;5-Aminolevulinic acid;5-Aminopentanoate;5,6-Dihydrouracil;Alpha-Aminoadipate;Arabinose;Arachidonic acid;Caffeine;Choline;Coenzyme A;D-(-)-Arabinose;D-(+)-Galacturonic acid;D-Alanine;D-Fructose;D-Mannose 6-phosphate;Folic acid;Fructose 1,6-bisphosphate;Guanosine 5'-monophosphate;Guanosine 5'-triphosphate;Homogentisate;Linoleate;Maleic acid;Malonate;Methylmalonate;O-Phosphorylethanolamine;Oxalic acid;Propionate;Stearate;Taurine;Theobromine;Theophylline;Uracil;Xanthosine 5'-monophosphate;Xanthosine;(RS)-Mevalonic acid;2-Oxoadipic acid;5-Aminoimidazole-4-Carboxamide-1-Beta-D-Ribofuranosyl 5'-monophosphate;Adenosine 5'-diphosphate;Beta-Alanine;Beta-Nicotinamide Adenine Dinucleotide Phosphate;Caprylic acid;D-Fructose 6-phosphate;D-Glucuronic acid;Indole;Inosine 5'-phosphate;L-Asparagine;L-Homoserine;Myo-inositol;NAD;Nicotinate;O-Acetyl-L-Serine;Pipecolate;Uridine 5'-diphospho-n-acetylgalactosamine;Uridine 5'-diphosphoglucuronic acid;Xanthine;(S)-Lactate;3,4-Dihydroxy-L-Phenylalanine;4-Aminobutyric acid;4-Coumarate;Acetoacetate;Adenosine 3',5'-diphosphate;Adenosine 5'-monophosphate;Adenosine 5'-triphosphate;D-Ribose 5-phosphate;Dopamine;Glycerate;Hydroquinone;Phenylpyruvate;Pyridine-2,3-Dicarboxylate;Thymidine-5'-diphospho-Alpha-D-glucose;Tyramine;Xylulose 5-phosphate;3-Dehydroshikimate;3,4-Dihydroxybenzoate;Benzoate;Cadaverine;Gamma,gamma-dimethylallyl pyrophosphate;Glycerate-1,3-diphosphate;Isopentenyl Pyrophosphate;L-Leucine;O-Phospho-L-Serine;Palmitate;Thiamine pyrophosphate;4-Hydroxybenzoate;DL-3-Hydroxy-3-Methylglutaryl Coenzyme A;L-Histidine;L-Methionine;L-Proline;L-Threonine;S-(5'-adenosyl)-L-methionine;Salicylate;Shikimate;Trans-cinnamate;Alpha-D-Glucose;L-Isoleucine;L-Ornithine;Uridine 5'-diphospho-n-acetylglucosamine;Glyoxylic acid;L-Alanine;L-Arginine;L-Lysine;L-Valine;3-(4-Hydroxyphenyl)pyruvate;L-2-Phosphoglyceric acid;L-Glutamine;Alpha-D-Glucose 1-phosphate;D-Glucose-6-phosphate;Dihydroxyacetone phosphate;Isocitric acid;Geranyl pyrophosphate;Anthranilate;Citrate;L-Cysteine;(S)-Malate;Glycine;L-Serine;L-Tryptophan;L-Phenylalanine;Phospho(enol)pyruvic acid;Succinyl-CoA;D-(-)-3-Phosphoglyceric acid;Fumarate;Glyceraldehyde 3-phosphate;L-Glutamic acid;L-Aspartic acid;L-Tyrosine;Oxaloacetate;Succinic acid;Alpha-Ketoglutaric acid;Pyruvate;Acetyl-CoA"
Metabolism of xenobiotics by cytochrome P450,(S)-Nicotine
Methane metabolism,"N-Methyl-L-Glutamic acid;Trimethylamine;Fructose 1,6-bisphosphate;Tyramine;D-Fructose 6-phosphate;O-Phospho-L-Serine;(S)-Malate;2-Oxoadipic acid;Xylulose 5-phosphate;Glycerate;L-2-Phosphoglyceric acid;Phospho(enol)pyruvic acid;D-(-)-3-Phosphoglyceric acid;Glyceraldehyde 3-phosphate;Glyoxylic acid;L-Tyrosine;Oxaloacetate;Dihydroxyacetone phosphate;L-Serine;Glycine;Pyruvate;Acetyl-CoA"
Microbial metabolism in diverse environments,"2-Methylpropanoate;Mandelic acid;Trans-Cyclohexane-1,2-Diol;(2-Aminoethyl)phosphonate;(S)-2-Hydroxyglutarate;2,6-Dihydroxypyridine;3,4-Dihydroxyphenylacetate;4-Pyridoxate;6-Hydroxynicotinate;Adipic acid;Butanal;L-Rhamnose;Methyl 4-aminobutyrate;N-Methyl-L-Glutamic acid;Phosphonoacetate;Pyridoxal;Pyridoxamine;Pyridoxine;Trimethylamine;Urate;1-Hydroxy-2-Naphthoate;2-Aminophenol;2-Hydroxyphenylacetic acid;3-Hydroxyanthranilate;4-Hydroxyphenylacetic acid;6-Deoxy-L-Galactose;6-Phosphogluconic acid;D-Gluconic acid;Glutaric acid;Phenylacetaldehyde;Phenylacetic acid;2,5-Dihydroxybenzoate;3-(2-Hydroxyphenyl)propanoate;3-Hydroxybenzoate;3-Hydroxyphenylacetate;4-Aminobenzoate;4-Methylcatechol;5-Aminopentanoate;Homogentisate;LL-2,6-diaminoheptanedioate;Maleic acid;Oxalic acid;Paraxanthine;Propionate;2,3-Dihydroxybenzoate;5-Aminolevulinic acid;Caffeine;D-Fructose;Fructose 1,6-bisphosphate;Theobromine;Theophylline;2-Oxoadipic acid;4-Aminobutyric acid;Acetoacetate;D-Fructose 6-phosphate;Hydroquinone;L-Homoserine;Myo-inositol;Nicotinate;O-Acetyl-L-Serine;Xanthine;(S)-Lactate;D-Ribose 5-phosphate;Glycerate;Xylulose 5-phosphate;3,4-Dihydroxybenzoate;Benzoate;Cadaverine;Glycerate-1,3-diphosphate;O-Phospho-L-Serine;4-Hydroxybenzoate;L-Threonine;Salicylate;Trans-cinnamate;Glyoxylic acid;L-Alanine;L-Glutamine;L-Lysine;L-2-Phosphoglyceric acid;Alpha-D-Glucose 1-phosphate;D-Glucose-6-phosphate;Dihydroxyacetone phosphate;Isocitric acid;Anthranilate;Citrate;L-Cysteine;(S)-Malate;Glycine;L-Serine;Phospho(enol)pyruvic acid;Succinyl-CoA;D-(-)-3-Phosphoglyceric acid;Fumarate;Glyceraldehyde 3-phosphate;L-Glutamic acid;L-Aspartic acid;Oxaloacetate;Succinic acid;Alpha-Ketoglutaric acid;Pyruvate;Acetyl-CoA"
AMPK signaling pathway,"5-Aminoimidazole-4-Carboxamide-1-Beta-D-Ribofuranosyl 5'-monophosphate;NAD;Fructose 1,6-bisphosphate;D-Fructose 6-phosphate;Adenosine 5'-diphosphate;Adenosine 5'-monophosphate;Alpha-D-Glucose;D-Glucose-6-phosphate;Acetyl-CoA;Pyruvate"
Mineral absorption,L-Asparagine;L-Proline;L-Leucine;L-Threonine;L-Isoleucine;L-Methionine;L-Valine;L-Alanine;L-Glutamine;L-Phenylalanine;L-Tryptophan;L-Serine;Glycine;Alpha-D-Glucose
Monobactam biosynthesis,4-Hydroxy-L-Phenylglycine;S-(5'-adenosyl)-L-methionine;3-(4-Hydroxyphenyl)pyruvate;L-Arginine;L-Serine;L-Threonine;L-Tyrosine;L-Aspartic acid;Pyruvate
Morphine addiction,"Adenosine;4-Aminobutyric acid;Dopamine;Adenosine 5'-monophosphate;Adenosine 3',5'-cyclic monophosphate"
mTOR signaling pathway,L-Leucine;Adenosine 5'-monophosphate;L-Arginine
Mucin type O-glycan biosynthesis,Uridine 5'-diphospho-n-acetylgalactosamine
Naphthalene degradation,"1-Hydroxy-2-Naphthoate;2,5-Dihydroxybenzoate;4-Methylcatechol;Salicylate;Succinyl-CoA"
Necroptosis,Arachidonic acid;Adenosine 5'-triphosphate
"Neomycin, kanamycin and gentamicin biosynthesis",Uridine 5'-diphospho-n-acetylglucosamine;Alpha-D-Glucose;L-Glutamic acid
Neuroactive ligand-receptor interaction,"Octopamine;3,3',5'-Triiodothyronine;Acetylcholine;Cortisol;Thyroxine;L-Cysteic acid;Melatonin;Histamine;Uridine 5'-triphosphate;Epinephrine;Taurine;Uridine 5'-diphosphate;Adenosine;Beta-Alanine;Dopamine;Tyramine;4-Aminobutyric acid;Adenosine 5'-diphosphate;Adenosine 5'-triphosphate;Glycine;L-Aspartic acid;L-Glutamic acid"
Nicotinate and nicotinamide metabolism,"2,6-Dihydroxypyridine;6-Hydroxynicotinate;Methyl 4-aminobutyrate;Nicotinamide mononucleotide;Nicotinamide;Nicotinate;Beta-Nicotinamide Adenine Dinucleotide Phosphate;Maleic acid;NAD;Propionate;Pyridine-2,3-Dicarboxylate;4-Aminobutyric acid;Dihydroxyacetone phosphate;Fumarate;L-Aspartic acid;Succinic acid;Pyruvate"
ABC transporters,Erythritol;Methyl Beta-D-Galactoside;Betaine;D-(+)-Cellobiose;D-(+)-Raffinose;D-Lactose;D-Ribose;Mannitol;Melibiose;Xylitol;(2-Aminoethyl)phosphonate;2'-Deoxyadenosine;2'-Deoxyguanosine;Adenosine;Biotin;Cytidine;D-(+)-Trehalose;D-Sorbitol;D-Xylose;Deoxycytidine;Deoxyuridine;Guanosine;Inosine;Maltose;N-Acetyl-D-Glucosamine;Thiamine;trans-4-Hydroxy-L-Proline;Uridine;Choline;Glutathione;Riboflavin;Sn-glycerol 3-phosphate;Sucrose;Taurine;Arabinose;D-(+)-Galacturonic acid;D-Fructose;Xanthosine;5-Aminolevulinic acid;Myo-inositol;Alpha-D-Glucose;L-Histidine;L-Leucine;L-Proline;L-Threonine;L-Arginine;L-Isoleucine;L-Ornithine;L-Lysine;L-Valine;L-Alanine;L-Glutamine;L-Phenylalanine;Glycine;L-Serine;L-Glutamic acid;L-Aspartic acid
Amyotrophic lateral sclerosis,L-Arginine;Adenosine 5'-diphosphate;L-Glutamic acid
Nicotine addiction,(S)-Nicotine;Acetylcholine;4-Aminobutyric acid;L-Glutamic acid
Nitrogen metabolism,L-Glutamine;L-Glutamic acid
NOD-like receptor signaling pathway,L-Homocysteine;Adenosine 5'-triphosphate
Non-alcoholic fatty liver disease,Alpha-D-Glucose
Non-small cell lung cancer,Retinoate
Novobiocin biosynthesis,L-Proline;3-(4-Hydroxyphenyl)pyruvate;L-Tyrosine
Nucleotide metabolism,2'-Deoxyadenosine 5'-triphosphate;2'-Deoxyadenosine;2'-Deoxycytidine 5'-diphosphate;2'-Deoxycytidine 5'-monophosphate;2'-Deoxyguanosine 5'-diphosphate;2'-Deoxyguanosine 5'-monophosphate;2'-Deoxyguanosine 5'-triphosphate;2'-Deoxyguanosine;2'-Deoxyuridine 5'-monophosphate;2'-Deoxyuridine 5'-triphosphate;5'-CMP;Adenosine;Cytidine 5'-diphosphate;Cytidine;Cytosine;dAMP;Deoxycytidine;Deoxyuridine;Guanine;Guanosine 5'-diphosphate;Guanosine;Hypoxanthine;Inosine 5'-Diphosphate;Inosine 5'-triphosphate;Inosine;Thymidine 5'-monophosphate;Thymidine;Thymine;Uridine-5-monophosphate;Uridine 5'-triphosphate;Uridine;Cytidine 5'-triphosphate;Uridine 5'-diphosphate;Adenine;Guanosine 5'-monophosphate;Uracil;Guanosine 5'-triphosphate;Xanthosine 5'-monophosphate;Xanthosine;Adenosine 5'-diphosphate;Inosine 5'-phosphate;Adenosine 5'-monophosphate;Adenosine 5'-triphosphate;Xanthine;L-Glutamine
O-Antigen nucleotide sugar biosynthesis,N-Acetyl-D-Mannosamine;N-Acetylneuraminate;D-Mannose 6-phosphate;Uridine 5'-diphospho-n-acetylgalactosamine;Thymidine-5'-diphospho-Alpha-D-glucose;Uridine 5'-diphospho-n-acetylglucosamine;Uridine 5'-diphosphoglucuronic acid;Alpha-D-Glucose 1-phosphate
Olfactory transduction,"Guanosine 5'-monophosphate;Guanosine 3',5'-cyclic monophosphate;Adenosine 5'-monophosphate;Adenosine 3',5'-cyclic monophosphate"
One carbon pool by folate,Folic acid
Antifolate resistance,2'-Deoxyuridine 5'-monophosphate;Thymidine 5'-monophosphate;Folic acid;Guanosine 5'-monophosphate;L-Homocysteine;Inosine 5'-phosphate;Adenosine 5'-monophosphate;L-Methionine
Oocyte meiosis,"Adenosine 3',5'-cyclic monophosphate"
Ovarian steroidogenesis,"Arachidonic acid;Adenosine 3',5'-cyclic monophosphate"
Oxidative phosphorylation,Adenosine 5'-diphosphate;Adenosine 5'-triphosphate;NAD;Fumarate;Succinic acid
Oxytocin signaling pathway,"Cyclic ADP-ribose;Guanosine 3',5'-cyclic monophosphate;Arachidonic acid;Adenosine 3',5'-cyclic monophosphate"
Pancreatic secretion,"Nicotinic acid adenine dinucleotide phosphate;Cyclic ADP-ribose;Acetylcholine;Adenosine 3',5'-cyclic monophosphate"
Pantothenate and CoA biosynthesis,"D-Pantothenic acid;3-Ureidopropionate;5,6-Dihydrouracil;Coenzyme A;Uracil;Adenosine 3',5'-diphosphate;Beta-Alanine;L-Valine;L-Cysteine;L-Aspartic acid;Pyruvate"
"Parathyroid hormone synthesis, secretion and action","Adenosine 5'-monophosphate;Adenosine 3',5'-cyclic monophosphate"
Parkinson disease,"3,4-Dihydroxy-L-Phenylalanine;Adenosine;Dopamine;Adenosine 5'-diphosphate;Adenosine 5'-monophosphate;Adenosine 5'-triphosphate;L-Tyrosine;Adenosine 3',5'-cyclic monophosphate"
Pathways in cancer,"Cortisone;Retinoate;Cortisol;(S)-Malate;Fumarate;Adenosine 3',5'-cyclic monophosphate"
Pathways of neurodegeneration - multiple diseases,Acetylcholine;L-Arginine;Adenosine 5'-diphosphate;Adenosine 5'-monophosphate;Adenosine 5'-triphosphate;L-Glutamic acid
Apelin signaling pathway,"Adenosine 3',5'-cyclic monophosphate"
Penicillin and cephalosporin biosynthesis,Alpha-Aminoadipate;L-Cysteine;L-Valine
Pentose and glucuronate interconversions,Arabinose;D-(-)-Arabinose;D-(+)-Galacturonic acid;D-Glucuronic acid;D-Xylose;L-Arabitol;Ribitol;Uridine 5'-diphosphoglucuronic acid;Xylitol;Alpha-D-Glucose 1-phosphate;Alpha-Ketoglutaric acid;Dihydroxyacetone phosphate;Xylulose 5-phosphate;Pyruvate
Pentose phosphate pathway,6-Phosphogluconic acid;D-Gluconic acid;D-Ribose 5-phosphate;D-Ribose;Glycerate;Xylulose 5-phosphate;Alpha-D-Glucose;D-(-)-3-Phosphoglyceric acid;D-Glucose-6-phosphate;Glyceraldehyde 3-phosphate;L-2-Phosphoglyceric acid;Pyruvate
Peptidoglycan biosynthesis,D-Alanine;Uridine 5'-diphospho-n-acetylglucosamine
Pertussis,"Nicotinate;Adenosine 5'-triphosphate;Adenosine 3',5'-cyclic monophosphate"
Phenazine biosynthesis,Anthranilate
Phenylalanine metabolism,2-Hydroxyphenylacetic acid;3-(2-Hydroxyphenyl)propanoate;L-Phenylalanine;N-Acetyl-L-Phenylalanine;Phenethylamine;Phenylacetaldehyde;Phenylacetic acid;Phenylpyruvate;3-Hydroxyphenylacetate;4-Hydroxyphenylacetic acid;Trans-cinnamate;Succinyl-CoA;L-Tyrosine;Fumarate;Succinic acid;Acetyl-CoA;Pyruvate
"Phenylalanine, tyrosine and tryptophan biosynthesis","3-Dehydroshikimate;Fructose 1,6-bisphosphate;Quinate;Shikimate;3-Hydroxybenzoate;Anthranilate;Indole;L-Phenylalanine;Phenylpyruvate;L-Tryptophan;Phospho(enol)pyruvic acid;3-(4-Hydroxyphenyl)pyruvate;L-Tyrosine"
Phenylpropanoid biosynthesis,Ferulate;Trans-cinnamaldehyde;4-Coumarate;Trans-cinnamate;L-Phenylalanine;L-Tyrosine
Phosphatidylinositol signaling system,Myo-inositol
Arabinogalactan biosynthesis - Mycobacterium,Uridine 5'-diphospho-n-acetylglucosamine
Phospholipase D signaling pathway,"Adenosine 3',5'-cyclic monophosphate;L-Glutamic acid"
Phosphonate and phosphinate metabolism,(2-Aminoethyl)phosphonate;Phosphonoacetate;D-Ribose 5-phosphate;Phospho(enol)pyruvic acid;Glycine;Pyruvate
Phosphotransferase system (PTS),D-(+)-Galactosamine;Galactitol;D-(+)-Cellobiose;D-(+)-Glucosamine;D-Lactose;Mannitol;N-Acetyl-Glucosamine-6-phosphate;D-(+)-Trehalose;D-Glucosamine 6-phosphate;D-Sorbitol;N-Acetyl-D-Galactosamine;N-Acetyl-D-Glucosamine;Maltose;Sucrose;D-Fructose;D-Mannose 6-phosphate;Alpha-D-Glucose;Phospho(enol)pyruvic acid;Pyruvate
Photosynthesis,Beta-Nicotinamide Adenine Dinucleotide Phosphate;Adenosine 5'-diphosphate;Adenosine 5'-triphosphate
Phototransduction,"Guanosine 5'-monophosphate;Guanosine 3',5'-cyclic monophosphate"
Phototransduction - fly,Stearate;Arachidonic acid
PI3K-Akt signaling pathway,Adenosine 5'-monophosphate
Plant hormone signal transduction,N6-(delta2-Isopentenyl)-adenine;Indole-3-acetate;Salicylate
Platelet activation,"Guanosine 3',5'-cyclic monophosphate;Arachidonic acid;Adenosine 5'-diphosphate;Adenosine 5'-triphosphate;Adenosine 3',5'-cyclic monophosphate"
Polycyclic aromatic hydrocarbon degradation,"1-Hydroxy-2-Naphthoate;3-(2-Hydroxyphenyl)propanoate;Salicylate;3,4-Dihydroxybenzoate;3-Hydroxybenzoate"
Arachidonic acid metabolism,Arachidonic acid
Polyketide sugar unit biosynthesis,Thymidine-5'-diphospho-Alpha-D-glucose;Alpha-D-Glucose 1-phosphate
Porphyrin metabolism,5-Aminolevulinic acid;Dimethylbenzimidazole;L-Threonine;Glycine;L-Glutamic acid
Primary bile acid biosynthesis,25-Hydroxycholesterol;Chenodeoxycholic acid;Cholate;Glycine;Glycochenodeoxycholate;Glycocholate;Taurine
Prion disease,"Corticosterone;Adenosine 3',5'-cyclic monophosphate"
Prodigiosin biosynthesis,Lauric acid;L-Proline
Progesterone-mediated oocyte maturation,"Adenosine 3',5'-cyclic monophosphate"
Prolactin signaling pathway,"3,4-Dihydroxy-L-Phenylalanine;Dopamine;Alpha-D-Glucose;Adenosine 5'-triphosphate;L-Tyrosine"
Propanoate metabolism,2-Hydroxybutyric acid;Propionate;Beta-Alanine;Methylmalonate;(S)-Lactate;Thiamine pyrophosphate;Dihydroxyacetone phosphate;Succinyl-CoA;Succinic acid;Acetyl-CoA
Prostate cancer,Cortisone;Cortisol
Protein digestion and absorption,2-Methylpropanoate;Butanoate;Indole;L-Asparagine;Propionate;Beta-Alanine;Cadaverine;Histamine;Tyramine;L-Histidine;L-Proline;L-Leucine;L-Threonine;L-Isoleucine;L-Methionine;L-Arginine;L-Lysine;L-Valine;L-Alanine;L-Glutamine;L-Cysteine;L-Phenylalanine;L-Tryptophan;L-Serine;Glycine;L-Tyrosine;L-Aspartic acid;L-Glutamic acid
Arginine and proline metabolism,4-Acetamidobutanoic acid;4-Guanidinobutanoate;Bis(3-aminopropyl)amine;Creatinine;L-Proline;N-Acetylputrescine;Phosphocreatine;trans-4-Hydroxy-L-Proline;4-Aminobutyric acid;5-Aminopentanoate;Creatine;Guanidinoacetate;L-Ornithine;Sarcosine;L-Arginine;L-Glutamic acid;S-(5'-adenosyl)-L-methionine;Glyoxylic acid;Pyruvate
Proximal tubule bicarbonate reclamation,L-Glutamine;(S)-Malate;Phospho(enol)pyruvic acid;Oxaloacetate;Alpha-Ketoglutaric acid;L-Glutamic acid
Purine metabolism,"2'-Deoxyadenosine 5'-triphosphate;2'-Deoxyadenosine;2'-Deoxyguanosine 5'-diphosphate;2'-Deoxyguanosine 5'-monophosphate;2'-Deoxyguanosine 5'-triphosphate;2'-Deoxyguanosine;5-Aminoimidazole-4-Carboxamide-1-Beta-D-Ribofuranosyl 5'-monophosphate;Adenine;Adenosine 2',3'-cyclic monophosphate;Adenosine 3',5'-cyclic monophosphate;Adenosine 3',5'-diphosphate;Adenosine 5'-diphosphoribose;Adenosine 5'-monophosphate;Adenosine;dAMP;Glyoxylic acid;Guanine;Guanosine 3',5'-cyclic monophosphate;Guanosine 5'-diphosphate;Guanosine 5'-monophosphate;Guanosine 5'-triphosphate;Guanosine;Hypoxanthine;Inosine 5'-Diphosphate;Inosine 5'-phosphate;Inosine 5'-triphosphate;Inosine;Oxalic acid;Urate;Xanthine;Xanthosine 5'-monophosphate;Xanthosine;D-Ribose 5-phosphate;Glycine;L-Glutamine;Adenosine 5'-diphosphate;Adenosine 5'-triphosphate"
Pyrimidine metabolism,"(S)-Dihydroorotate;2'-Deoxycytidine 5'-diphosphate;2'-Deoxycytidine 5'-monophosphate;2'-Deoxyuridine 5'-monophosphate;2'-Deoxyuridine 5'-triphosphate;3-Ureidopropionate;5'-CMP;5-Methylcytosine;5,6-Dihydrouracil;Beta-Alanine;Cytidine 5'-diphosphate;Cytidine 5'-triphosphate;Cytidine;Cytosine;Deoxycytidine;Deoxyuridine;Methylmalonate;Orotate;Thymidine 5'-monophosphate;Thymidine;Thymine;Uracil;Uridine-5-monophosphate;Uridine 5'-diphosphate;Uridine 5'-triphosphate;Uridine;Malonate;L-Glutamine"
Pyruvate metabolism,(S)-Malate;(S)-Lactate;Thiamine pyrophosphate;Phospho(enol)pyruvic acid;Oxaloacetate;Fumarate;Succinic acid;Acetyl-CoA;Pyruvate
Quorum sensing,Epinephrine;6-Deoxy-L-Galactose;4-Aminobutyric acid
Rap1 signaling pathway,"Guanosine 5'-diphosphate;Adenosine 3',5'-cyclic monophosphate;Guanosine 5'-triphosphate"
Ras signaling pathway,"Guanosine 5'-diphosphate;Adenosine 3',5'-cyclic monophosphate;Guanosine 5'-triphosphate"
Regulation of actin cytoskeleton,Acetylcholine
Regulation of lipolysis in adipocytes,"Corticosterone;Epinephrine;Adenosine;Guanosine 3',5'-cyclic monophosphate;Arachidonic acid;Adenosine 5'-monophosphate;Adenosine 3',5'-cyclic monophosphate"
Relaxin signaling pathway,"Adenosine 3',5'-cyclic monophosphate"
Arginine biosynthesis,Citrulline;L-Arginine;L-Aspartic acid;L-Glutamic acid;L-Glutamine;L-Ornithine;N-Acetyl-DL-Glutamic acid;Fumarate;Alpha-Ketoglutaric acid
Renal cell carcinoma,(S)-Malate;Fumarate
Renin secretion,"Epinephrine;Adenosine;Guanosine 3',5'-cyclic monophosphate;Adenosine 5'-diphosphate;Adenosine 5'-monophosphate;Adenosine 5'-triphosphate;Adenosine 3',5'-cyclic monophosphate"
Retinol metabolism,Retinoate
Retrograde endocannabinoid signaling,"Ethanolamine;Arachidonic acid;4-Aminobutyric acid;Adenosine 3',5'-cyclic monophosphate;L-Glutamic acid"
Riboflavin metabolism,"Dimethylbenzimidazole;Flavin adenine dinucleotide;Gamma,gamma-dimethylallyl pyrophosphate;Lumichrome;Riboflavin;Guanosine 5'-triphosphate;Ribitol"
Salivary secretion,"Cyclic ADP-ribose;Acetylcholine;Guanosine 3',5'-cyclic monophosphate;Adenosine 3',5'-cyclic monophosphate"
Secondary bile acid biosynthesis,3Alpha-Hydroxy-5Beta-Cholanate;Deoxycholate;Ursodeoxycholic acid;Chenodeoxycholic acid;Cholate;Glycochenodeoxycholate;Glycocholate
Selenocompound metabolism,L-Selenomethionine;L-Alanine
Serotonergic synapse,"5-Hydroxyindoleacetate;5-Hydroxy-L-Tryptophan;Arachidonic acid;L-Tryptophan;Adenosine 3',5'-cyclic monophosphate"
Shigellosis,L-Leucine;L-Isoleucine
Ascorbate and aldarate metabolism,D-Glucuronolactone;D-Saccharic acid;Galactarate;L-Dehydroascorbic acid;Arabinose;D-(-)-Arabinose;D-(+)-Galacturonic acid;D-Glucuronic acid;Myo-inositol;Uridine 5'-diphosphoglucuronic acid;Alpha-Ketoglutaric acid;Xylulose 5-phosphate;Pyruvate
Small cell lung cancer,Retinoate
Sphingolipid metabolism,Sphinganine;O-Phosphorylethanolamine;L-Serine
Sphingolipid signaling pathway,Sphinganine;O-Phosphorylethanolamine;Adenosine;L-Serine
Spinocerebellar ataxia,L-Glutamic acid
Starch and sucrose metabolism,Adenosine-5'-diphosphoglucose;D-(+)-Cellobiose;D-(+)-Trehalose;Maltose;D-Fructose 6-phosphate;Sucrose;D-Fructose;Alpha-D-Glucose 1-phosphate;Alpha-D-Glucose
Staurosporine biosynthesis,L-Histidine;L-Tryptophan;L-Proline
Steroid biosynthesis,Desmosterol
Steroid hormone biosynthesis,11-Deoxycortisol (Reichstein's substance S);Corticosterone;Cortisol;Cortisone
Streptomycin biosynthesis,Thymidine-5'-diphospho-Alpha-D-glucose;Myo-inositol;Alpha-D-Glucose 1-phosphate;Alpha-D-Glucose
Styrene degradation,2-Hydroxyphenylacetic acid;Phenylacetaldehyde;Phenylacetic acid;3-Hydroxyphenylacetate;Homogentisate;Acetoacetate;(S)-Lactate;Fumarate
Asthma,Histamine
Sulfur metabolism,"L-Homocysteine;O-Succinyl-L-Homoserine;O-Acetyl-L-Serine;Taurine;L-Homoserine;Adenosine 3',5'-diphosphate;L-Serine;L-Cysteine;Succinic acid"
Sulfur relay system,Thiamine;O-Acetyl-L-Serine;Guanosine 5'-triphosphate;S-(5'-adenosyl)-L-methionine;L-Alanine;L-Cysteine
Synaptic vesicle cycle,Acetylcholine;Histamine;4-Aminobutyric acid;Dopamine;Adenosine 5'-triphosphate;Glycine;L-Glutamic acid
Taste transduction,"Acetylcholine;D-Alanine;Maltose;Sucrose;D-Fructose;Guanosine 5'-monophosphate;Inosine 5'-phosphate;4-Aminobutyric acid;Adenosine 5'-diphosphate;Alpha-D-Glucose;Adenosine 5'-monophosphate;(S)-Malate;Adenosine 5'-triphosphate;Citrate;Adenosine 3',5'-cyclic monophosphate;L-Glutamic acid"
Taurine and hypotaurine metabolism,Hypotaurine;3-Sulfino-L-Alanine;L-Cysteic acid;Taurine;L-Alanine;L-Cysteine;L-Glutamic acid;Alpha-Ketoglutaric acid;Acetyl-CoA;Pyruvate
Teichoic acid biosynthesis,Cytidine 5'-Diphosphocholine;Phosphocholine;Choline;D-Alanine;Uridine 5'-diphospho-n-acetylgalactosamine;Uridine 5'-diphospho-n-acetylglucosamine
Terpenoid backbone biosynthesis,"(RS)-Mevalonic acid;Isopentenyl Pyrophosphate;Gamma,gamma-dimethylallyl pyrophosphate;DL-3-Hydroxy-3-Methylglutaryl Coenzyme A;Geranyl pyrophosphate;Glyceraldehyde 3-phosphate;Acetyl-CoA;Pyruvate"
Th17 cell differentiation,Retinoate
Thermogenesis,"L-Carnitine;3,3',5'-Triiodothyronine;(S)-Nicotine;Coenzyme A;Guanosine 3',5'-cyclic monophosphate;Adenosine 5'-diphosphate;Adenosine 5'-triphosphate;Adenosine 3',5'-cyclic monophosphate;Acetyl-CoA"
Thiamine metabolism,Pyridoxal 5'-phosphate;Thiamine monophosphate;Thiamine;NAD;Thiamine pyrophosphate;Glyceraldehyde 3-phosphate;L-Cysteine;L-Tyrosine;Glycine;Pyruvate
Autoimmune thyroid disease,"Thyroxine;3,3',5'-Triiodothyronine"
Thyroid hormone signaling pathway,"Thyroxine;3,3',5'-Triiodothyronine;Adenosine 3',5'-cyclic monophosphate"
Thyroid hormone synthesis,"3,5-Diiodo-L-Tyrosine;Thyroxine;3,3',5'-Triiodothyronine;Glutathione disulfide;Beta-Nicotinamide Adenine Dinucleotide Phosphate;Glutathione;Xylulose 5-phosphate;D-Ribose 5-phosphate;Adenosine 3',5'-cyclic monophosphate"
Toluene degradation,"3,4-Dihydroxybenzoate;4-Methylcatechol;3-Hydroxybenzoate;Benzoate;4-Hydroxybenzoate;Succinyl-CoA"
"Tropane, piperidine and pyridine alkaloid biosynthesis",(S)-Nicotine;Trigonelline;Nicotinate;Pipecolate;Cadaverine;L-Isoleucine;Phenylpyruvate;L-Lysine;L-Phenylalanine
Tryptophan metabolism,"2-Aminophenol;3-Hydroxyanthranilate;4-Hydroxy-2-Quinolinecarboxylic acid;5-Hydroxy-L-Tryptophan;5-Hydroxyindoleacetate;Anthranilate;DL-Kynurenine;Indole-3-Acetaldehyde;Indole-3-Acetamide;Indole-3-acetate;Indole-3-Ethanol;Indole;Melatonin;N-Acetylserotonin;N-Methyltryptamine;Pyridine-2,3-Dicarboxylate;Xanthurenic acid;L-Tryptophan;2-Oxoadipic acid;Acetyl-CoA"
Two-component system,Epinephrine;Vitamin k2;6-Deoxy-L-Galactose;Acetoacetate;Alpha-D-Glucose;L-Glutamine;(S)-Malate;Citrate;Fumarate;L-Glutamic acid;Succinic acid;L-Aspartic acid;Oxaloacetate
Type II diabetes mellitus,Alpha-D-Glucose;Adenosine 5'-triphosphate;Pyruvate
Tyrosine metabolism,"2,5-Dihydroxybenzoate;3-Hydroxyphenylacetate;3-Methoxy-4-Hydroxymandelate;3-Methoxytyramine;3,3',5'-Triiodothyronine;3,4-Dihydroxy-L-Phenylalanine;3,4-Dihydroxyphenyl Glycol;3,4-Dihydroxyphenylacetate;3,5-Diiodo-L-Tyrosine;4-Hydroxyphenylacetic acid;Dihydroxymandelic acid;DL-Normetanephrine;Dopamine;Epinephrine;Homovanillate;Hydroquinone;Maleic acid;Rosmarinic acid;Thyroxine;Tyramine;4-Coumarate;Homogentisate;3-(4-Hydroxyphenyl)pyruvate;Acetoacetate;L-Tyrosine;Fumarate;Succinic acid;Pyruvate"
Ubiquinone and other terpenoid-quinone biosynthesis,3-(4-Hydroxyphenyl)pyruvate;4-Coumarate;4-Hydroxybenzoate;Geranyl pyrophosphate;Homogentisate;L-Tyrosine;Trans-cinnamate;Vitamin k2
"Valine, leucine and isoleucine biosynthesis",Citraconic acid;L-Isoleucine;L-Leucine;L-Valine;L-Threonine;Acetyl-CoA;Pyruvate
Acarbose and validamycin biosynthesis,Thymidine-5'-diphospho-Alpha-D-glucose;Alpha-D-Glucose 1-phosphate
Autophagy - animal,Guanosine 5'-diphosphate;Guanosine 5'-triphosphate
"Valine, leucine and isoleucine degradation",3-Aminoisobutanoate;3-Methylcrotonyl-CoA;Acetoacetate;DL-3-Hydroxy-3-Methylglutaryl Coenzyme A;L-Isoleucine;L-Leucine;L-Valine;Methylmalonate;Succinyl-CoA;Thiamine pyrophosphate;Acetyl-CoA
Vancomycin resistance,D-Alanine;Uridine 5'-diphospho-n-acetylglucosamine;L-Alanine;Glycine;L-Serine;Pyruvate
Vascular smooth muscle contraction,"Guanosine 3',5'-cyclic monophosphate;Arachidonic acid;Adenosine;Adenosine 3',5'-cyclic monophosphate"
Vasopressin-regulated water reabsorption,"Adenosine 3',5'-cyclic monophosphate"
Vibrio cholerae infection,"Adenosine 3',5'-cyclic monophosphate"
Vitamin B6 metabolism,4-Pyridoxate;Pyridoxal;Pyridoxamine;Pyridoxine;Pyridoxal 5'-phosphate;D-Ribose 5-phosphate;L-Glutamine;Glyceraldehyde 3-phosphate
Vitamin digestion and absorption,Pyridoxamine;Biotin;Flavin adenine dinucleotide;Nicotinamide;Pyridoxal 5'-phosphate;Pyridoxal;D-Pantothenic acid;Riboflavin;Thiamine;Vitamin k2;Folic acid;Thiamine pyrophosphate;Coenzyme A;NAD
Xylene degradation,4-Methylcatechol;Acetyl-CoA;Pyruvate
Zeatin biosynthesis,"N6-(delta2-Isopentenyl)-adenine;5'-Methylthioadenosine;Adenine;Adenosine 5'-monophosphate;O-Acetyl-L-Serine;Uridine 5'-diphosphate;Gamma,gamma-dimethylallyl pyrophosphate;Adenosine 5'-diphosphate;Adenosine 5'-triphosphate;S-(5'-adenosyl)-L-methionine"
,"(S,S)-Tartaric acid;1-Methyladenosine;1-Oleoyl-rac-Glycerol;10-Hydroxydecanoate;2',4'-Dihydroxyacetophenone;2-Amino-2-methylpropanoate;2-Deoxy-D-Glucose;2-Hydroxy-4-(Methylthio)butyric acid;2-Methylglutaric acid;2-Quinolinecarboxylic acid;2,4-Dihydroxypteridine;2,4-Dihydroxypyrimidine-5-carboxylic acid;3-(4-Hydroxyphenyl)lactate;3-Hydroxymethylglutaric acid;3-Methoxy-L-tyrosine;3-Methyl-2-Oxovaleric acid;3-Methyladenine;3-Methylglutaric acid;3-Methylhistamine;3-Methyloxindole;3-Nitro-L-Tyrosine;3,5-Diiodo-L-Thyronine;4-Hydroxy-3-Methoxyphenylglycol;4-Methyl-2-Oxovaleric acid;4-Quinolinecarboxylic acid;5'-Deoxyadenosine;5-Methyltetrahydrofolic acid;5-Phospho-D-ribose 1-diphosphate;Allantoin;Allose;Alpha-Ketoglutaric acid (1,2,3,4-13C4);Aniline-2-Sulfonic acid;Azelaic acid;Bavin Adenine Dinucleotide;Butyryl-L-Carnitine;Caffeate;Citric acid (2,2,4,4-D4);Cortisol 21-acetate;Cortisone (D7);Creatinine (D3);Cytidine 2',3'-cyclic monophosphate;D-Fructose-1,6-bisphosphate (13C6);D-Fructose-6-phosphate (13C6);D-Galactose;D-Glucosamine 6-sulfate;D-Glucose-6-phosphate (U-13C6);D-Glucose (2,3,4,5,6-13C5, 99%);D-Gulonic acid gama-lactone;D-Mannosamine;D-Psicose;D-Tryptophan;Decanoyl-L-Carnitine;Deoxycarnitine;Deoxycorticosterone acetate;Diethyl 2-Methyl-3-Oxosuccinate;DL-Homocysteine (D4);DL-Malic acid (2,3,3-D3);Elaidic acid;Ethyl 3-Indoleacetate;Ethylmalonic acid;Formyl-l-methionyl peptide;Fumaric acid (13C4);Glucosaminate;Glutaryl-L-Carnitine;Glutathione (13C2, 15N);Glyceraldehyde 3-phosphate diethyl acetal;Glycerol 2-phosphate;Glycine (1,2-13C2);Guanosine 5'-diphospho-D-mannose;Heptadecanoate;Heptanoic acid;Hexanoyl-L-Carnitine;Hydroxybutyryl-Carnitine;Indoxyl sulfate;L-Alanine (13C3);L-Arginine (U-13C6);L-Carnitine (trimethyl-D9);L-Cysteine-S-sulfate;L-Cystine;L-Glutamic acid (13C5);L-Glutamine (13C5);L-Homocysteine thiolactone;L-Homocysteine;L-Lactate (3,3,3-13C3);L-Leucine (13C6);L-Lysine (13C6, 99%, 15N2, 99%);L-Methionine (13C5);L-Methionine sulfoximine;L-Norleucine;L-Norvaline;L-Ornithine (13C5);L-Phenylalanine (13C6);L-Proline (13C5);L-Ribulose;L-Serine (13C3);L-Tryptophan (2,3,3-D3);L-Tryptophanamide;L-Tyrosine (ring-13C6);Lauroylcarnitine;Lipoamide;Maleimide;Malonyl CoA;Mannose;Methyl acetoacetate;Methyl Indole-3-acetate;Methylguanidine;Mono-Methyl Glutarate;Myristoyl-L-Carnitine;N-Acetyl-D-Tryptophan;N-Acetyl-DL-Methionine;N-Acetyl-DL-Serine;N-Acetyl-L-Alanine;N-Acetyl-L-Aspartic-2,3,3-D3 Acid;N-Acetyl-L-Cysteine;N-Acetyl-L-Leucine;N-Acetyl-L-Proline;N-Acetylglycine;N-Alpha-acetyl-L-Asparagine;N-Amidino-L-Aspartic acid;N-Formylglycine;N-Methyl-D-Aspartic acid;N,N-Dimethyl-1,4-Phenylenediamine;Nalpha-Acetyl-L-Lysine;NG,NG'-Dimethyl-L-Arginine di(p-hydroxyazobenzene-p'-sulfonate) salt;Nicotinamide hypoxanthine dinucleotide;Nonanoate;Octanoyl-L-Carnitine;Oleoyl-L-Carnitine;Omega-hydroxydodecanoic acid;Palatinose;Palmitic acid (U-13C16, 98%);Palmitoyl-DL-Carnitine;Palmitoyl CoA;Pentanoate;Petroselinic acid;Phenyl acetate;Phosphoenol pyruvate (2,3-13C2);Pterin;Purine;Pyruvate (13C2);Quinoline;Rac-glycerol 1-myristate;Resorcinol monoacetate;S-Adenosyl-L-Homocysteine (13C10);S-Benzyl-L-Cysteine;S-Carboxymethyl-L-Cysteine;S-Hexyl-Glutathione;Salicylamide;Sorbate;Stearic acid (D3);Stearoyl-L-Carnitine;Stearoyl CoA;Suberic acid;Succinic acid (D4);Taurolithocholate;Thiourea;Thyrotropin releasing hormone;Tricosanoic acid;Trimethylsulfonium;Uridine 5'-diphosphoglucose;1-Methyl-6,7-Dihydroxy-1,2,3,4-Tetrahydroisoquinoline;2-Hydroxybutyric acid;25-Hydroxycholesterol;Arachidic acid;Bis(2-ethylhexyl)phthalate;Cis-5,8,11,14,17-eicosapentaenoic acid;Diethanolamine;Docosahexaenoic acid;Docosapentaenoic acid;Erucic acid;Erythritol;Hippurate;Homocystine;Indole-3-Ethanol;Lignoceric acid;Lumichrome;Methyl Beta-D-Galactoside;Nervonic acid;O-Acetyl-L-carnitine;Octopamine;Pyrrole-2-carboxylate;Thiopurine s-Methylether;Trigonelline;Ursodeoxycholic acid;Xanthurenic acid;(R)-Malate;(R,R)-Tartaric acid;3-Amino-5-Hydroxybenzoic acid;3-Aminoisobutanoate;3-Methoxy-4-Hydroxymandelate;3,4-Dihydroxyphenyl Glycol;3Alpha-Hydroxy-5Beta-Cholanate;4-Acetamidobutanoic acid;4-Guanidinobutanoate;4-Hydroxy-2-Quinolinecarboxylic acid;4-Imidazoleacetic acid;5-Methylcytosine;5-Oxo-D-Proline;5-Oxo-L-Proline;Adenosine 2',3'-cyclic monophosphate;Adenosine 5'-diphosphoribose;Adrentic acid;Bis(3-aminopropyl)amine;CDP-ethanolamine;Citramalate;Creatinine;D-Glucuronolactone;D-Saccharic acid;D-Tagatose;Decanoate;Deoxycholate;Desmosterol;Diacetyl;Dihydroxymandelic acid;DL-5-Hydroxylysine;DL-Normetanephrine;Galactarate;Hypotaurine;Indole-3-Acetaldehyde;Indole-3-Acetamide;Itaconate;L-Allothreonine;L-Arabitol;L-Cysteinylglycine;L-Selenomethionine;Mandelic acid;Mercaptopyruvate;Meso-tartaric acid;Methyl Jasmonate;Myristic acid;N-Acetyl-L-Aspartic acid;N-Acetyl-L-Phenylalanine;N-Acetylputrescine;N-Methyltryptamine;N(pai)-Methyl-L-Histidine;N6,N6,N6-Trimethyl-L-Lysine;Nicotinamide mononucleotide;Nicotinic acid adenine dinucleotide phosphate;Ophthalmic acid;Palmitoleic acid;Palmitoyl-L-Carnitine;Phenethylamine;Phosphocreatine;Quinate;Rosmarinic acid;Stachyose;Stearidonic acid;Trans-aconitate;Trans-Cyclohexane-1,2-Diol;Urocanate;(S)-2-Hydroxyglutarate;(S)-Dihydroorotate;2'-Deoxyadenosine 5'-triphosphate;2'-Deoxycytidine 5'-diphosphate;2'-Deoxycytidine 5'-monophosphate;2'-Deoxyguanosine 5'-diphosphate;2'-Deoxyguanosine 5'-monophosphate;2'-Deoxyguanosine 5'-triphosphate;2'-Deoxyuridine 5'-triphosphate;2,6-Dihydroxypyridine;3-Hydroxybutanoic acid;3-Sulfino-L-Alanine;3,5-Diiodo-L-Tyrosine;4-Pyridoxate;5'-CMP;5-Hydroxyindoleacetate;6-Hydroxynicotinate;7,8-Dihydro-L-Biopterin;Acetoin;Betaine;Butanal;Carnosine;Creatine;Cytosine;D-(+)-Galactosamine;D-(+)-Raffinose;D-Aspartic acid;dAMP;Dethiobiotin;Dihomo-gamma-Linolenic acid;Ethanolamine;Galactitol;Gamma-linolenic acid;Guanidinoacetate;Guanine;Homovanillate;Hypoxanthine;Inosine 5'-Diphosphate;Inosine 5'-triphosphate;L-Anserine;L-Carnitine;L-Dehydroascorbic acid;L-Rhamnose;Melibiose;Methyl 4-aminobutyrate;N-Acetylserotonin;N-Methyl-L-Glutamic acid;N6-(delta2-Isopentenyl)-adenine;Orotate;Phosphonoacetate;Pimelic acid;Ribitol;Sarcosine;Sphinganine;Thiamine monophosphate;Thymidine;Thymine;Uridine 5'-diphosphogalactose;Xylitol;(2-Aminoethyl)phosphonate;11-Deoxycortisol (Reichstein's substance S);2'-Deoxyadenosine;2'-Deoxyguanosine;2'-Deoxyuridine 5'-monophosphate;2-Aminophenol;2-Hydroxyphenylacetic acid;2-Methylpropanoate;3-Amino-4-Hydroxybenzoic acid;3-Methylcrotonyl-CoA;3-Ureidopropionate;4-Hydroxy-L-Phenylglycine;5'-Methylthioadenosine;5,6-Dihydrouracil;Adipic acid;Alpha-D-Galactose 1-phosphate;Butanoate;Chenodeoxycholic acid;Cholate;Citraconic acid;Citrulline;Cyclic ADP-ribose;Cytidine 5'-diphosphate;Cytidine 5'-Diphosphocholine;Cytidine;D-(+)-Cellobiose;D-(+)-Glucosamine;D-Ornithine;D-Ribose;D-Xylose;Deoxycytidine;Deoxyuridine;Dimethylbenzimidazole;DL-2,3-Diaminopropionic acid;DL-Kynurenine;Ferulate;Glutaric acid;Glycochenodeoxycholate;Guanosine;Indole-3-acetate;Inosine;L-Cysteic acid;L-Histidinol;Lauric acid;Linoleate;Mannitol;Methylmalonate;N-Acetyl-D-Mannosamine;N-Acetyl-Glucosamine-6-phosphate;N-Acetylneuraminate;Phenylacetaldehyde;Phenylacetic acid;Phosphocholine;Pyridoxamine;Pyridoxine;Thymidine 5'-monophosphate;trans-4-Hydroxy-L-Proline;Trimethylamine;Urate;Uridine-5-monophosphate;Uridine;1-Aminocyclopropane-1-Carboxylate;1-Hydroxy-2-Naphthoate;2,5-Dihydroxybenzoate;3-(2-Hydroxyphenyl)propanoate;3-Hydroxyanthranilate;3-Hydroxyphenylacetate;3-Methoxytyramine;4-Hydroxyphenylacetic acid;5-Aminopentanoate;5-Hydroxy-L-Tryptophan;6-Phosphogluconic acid;Adenine;Adenosine-5'-diphosphoglucose;Biotin;Corticosterone;Cytidine 5'-triphosphate;D-(-)-Arabinose;D-(+)-Trehalose;D-Gluconic acid;D-Lactose;Flavin adenine dinucleotide;Glycocholate;Maleic acid;Malonate;Melatonin;N-Acetyl-D-Galactosamine;N-Acetyl-D-Glucosamine;N-Acetyl-DL-Glutamic acid;Nicotinamide;O-Succinyl-L-Homoserine;Oleate;Oxalic acid;Paraxanthine;Pyridoxal 5'-phosphate;Pyridoxal;S-(5'-adenosyl)-L-Homocysteine;Stearate;Trans-cinnamaldehyde;Uracil;Uridine 5'-triphosphate;2,3-Dihydroxybenzoate;3-Hydroxybenzoate;4-Aminobenzoate;4-Methylcatechol;Adenosine 3',5'-diphosphate;Arabinose;Caffeine;Caprylic acid;Cortisone;D-Pantothenic acid;D-Sorbitol;Homogentisate;L-Cystathionine;LL-2,6-diaminoheptanedioate;O-Phosphorylethanolamine;Pipecolate;Riboflavin;Sn-glycerol 3-phosphate;Taurine;Theobromine;Theophylline;Thiamine;Uridine 5'-diphosphate;Vitamin k2;Xanthosine 5'-monophosphate;(RS)-Mevalonic acid;(S)-Nicotine;5-Aminoimidazole-4-Carboxamide-1-Beta-D-Ribofuranosyl 5'-monophosphate;Alpha-Aminoadipate;D-(+)-Galacturonic acid;D-Alanine;D-Glucosamine 6-phosphate;D-Glucuronic acid;Glutathione disulfide;Guanosine 5'-diphosphate;Indole;Pyridine-2,3-Dicarboxylate;Thyroxine;Uridine 5'-diphospho-n-acetylgalactosamine;Uridine 5'-diphosphoglucuronic acid;Xanthosine;3,3',5'-Triiodothyronine;3,4-Dihydroxyphenylacetate;4-Coumarate;5-Aminolevulinic acid;6-Deoxy-L-Galactose;Acetoacetate;Choline;Folic acid;Gamma,gamma-dimethylallyl pyrophosphate;Hydroquinone;L-Homoserine;Maltose;Palmitate;Propionate;Retinoate;Sucrose;Thymidine-5'-diphospho-Alpha-D-glucose;Xanthine;Beta-Alanine;D-Mannose 6-phosphate;Glycerate;Isopentenyl Pyrophosphate;Nicotinate;Phenylpyruvate;Thiamine pyrophosphate;2-Oxoadipic acid;3-Dehydroshikimate;3,4-Dihydroxybenzoate;Benzoate;Cadaverine;Cortisol;Epinephrine;Fructose 1,6-bisphosphate;Glutathione;Guanosine 5'-monophosphate;Inosine 5'-phosphate;L-Asparagine;Myo-inositol;O-Acetyl-L-Serine;Tyramine;Beta-Nicotinamide Adenine Dinucleotide Phosphate;Coenzyme A;DL-3-Hydroxy-3-Methylglutaryl Coenzyme A;O-Phospho-L-Serine;Shikimate;Trans-cinnamate;Xylulose 5-phosphate;(S)-Lactate;D-Fructose;D-Ribose 5-phosphate;Glycerate-1,3-diphosphate;Histamine;3,4-Dihydroxy-L-Phenylalanine;4-Hydroxybenzoate;D-Fructose 6-phosphate;Glyoxylic acid;L-Histidine;L-Ornithine;NAD;S-(5'-adenosyl)-L-methionine;Salicylate;Uridine 5'-diphospho-n-acetylglucosamine;Acetylcholine;Adenosine;Geranyl pyrophosphate;Guanosine 5'-triphosphate;L-Proline;L-Threonine;3-(4-Hydroxyphenyl)pyruvate;Dihydroxyacetone phosphate;L-Leucine;L-Lysine;L-Methionine;Alpha-D-Glucose 1-phosphate;Guanosine 3',5'-cyclic monophosphate;L-2-Phosphoglyceric acid;L-Isoleucine;4-Aminobutyric acid;L-Valine;Adenosine 5'-diphosphate;Anthranilate;D-Glucose-6-phosphate;Dopamine;Isocitric acid;L-Alanine;L-Arginine;Succinyl-CoA;Arachidonic acid;L-Cysteine;L-Glutamine;Citrate;L-Phenylalanine;(S)-Malate;L-Tryptophan;D-(-)-3-Phosphoglyceric acid;Glyceraldehyde 3-phosphate;L-Serine;Phospho(enol)pyruvic acid;Adenosine 5'-monophosphate;Glycine;Fumarate;Adenosine 5'-triphosphate;Alpha-D-Glucose;Oxaloacetate;Succinic acid;L-Aspartic acid;L-Tyrosine;Alpha-Ketoglutaric acid;L-Glutamic acid;Pyruvate;Acetyl-CoA"
Axon regeneration,"5-Hydroxy-L-Tryptophan;L-Tryptophan;Adenosine 3',5'-cyclic monophosphate"
Bacterial chemotaxis,D-Ribose;Maltose;L-Aspartic acid
Bacterial secretion system,Adenosine 5'-triphosphate
Benzoate degradation,"2,3-Dihydroxybenzoate;3-Hydroxybenzoate;3,4-Dihydroxybenzoate;Benzoate;2,5-Dihydroxybenzoate;4-Hydroxybenzoate;Hydroquinone;Oxaloacetate;Succinyl-CoA;Acetyl-CoA;Pyruvate"
Benzoic acid family,4-Hydroxybenzoate;Anthranilate
Benzoxazinoid biosynthesis,Indole
beta-Alanine metabolism,"D-Pantothenic acid;3-Ureidopropionate;5,6-Dihydrouracil;Beta-Alanine;Carnosine;L-Anserine;Pyridine-2,3-Dicarboxylate;Uracil;4-Aminobutyric acid;L-Histidine;Malonate;L-Aspartic acid;Acetyl-CoA"
Betalain biosynthesis,"3-Methoxytyramine;3,4-Dihydroxy-L-Phenylalanine;Dopamine;L-Tyrosine"
Bile secretion,"3Alpha-Hydroxy-5Beta-Cholanate;Deoxycholate;L-Carnitine;Glycochenodeoxycholate;Chenodeoxycholic acid;Cholate;Glycocholate;Urate;Thyroxine;3,3',5'-Triiodothyronine;Choline;Cortisol;Folic acid;Glutathione;Acetylcholine;Salicylate;Dopamine;Guanosine 3',5'-cyclic monophosphate;Alpha-D-Glucose;Alpha-Ketoglutaric acid;Acetyl-CoA;Adenosine 3',5'-cyclic monophosphate"
Adrenergic signaling in cardiomyocytes,"Epinephrine;Adenosine 3',5'-cyclic monophosphate"
Biofilm formation - Escherichia coli,"Adenosine 3',5'-cyclic monophosphate;Glycine"
Biofilm formation - Pseudomonas aeruginosa,"Adenosine 3',5'-cyclic monophosphate;Guanosine 5'-triphosphate"
Biofilm formation - Vibrio cholerae,"Guanosine 5'-triphosphate;Alpha-D-Glucose;Adenosine 3',5'-cyclic monophosphate"
Biosynthesis of alkaloids derived from histidine and purine,Histamine;Caffeine;Guanosine 5'-monophosphate;Inosine 5'-phosphate;Theobromine;Theophylline;Xanthosine 5'-monophosphate;Xanthosine;5-Aminoimidazole-4-Carboxamide-1-Beta-D-Ribofuranosyl 5'-monophosphate;Adenosine 5'-monophosphate;Xanthine;L-Leucine;L-Histidine;D-Glucose-6-phosphate;Isocitric acid;Citrate;(S)-Malate;Succinyl-CoA;D-(-)-3-Phosphoglyceric acid;Fumarate;Glyceraldehyde 3-phosphate;Oxaloacetate;Succinic acid;Alpha-Ketoglutaric acid;Pyruvate;Acetyl-CoA
"Biosynthesis of alkaloids derived from ornithine, lysine and nicotinic acid","(S)-Nicotine;Nicotinate;Pipecolate;Pyridine-2,3-Dicarboxylate;Cadaverine;D-Glucose-6-phosphate;Isocitric acid;L-Isoleucine;L-Ornithine;L-Arginine;L-Lysine;Citrate;(S)-Malate;Succinyl-CoA;D-(-)-3-Phosphoglyceric acid;L-Phenylalanine;Fumarate;Glyceraldehyde 3-phosphate;Oxaloacetate;L-Aspartic acid;L-Glutamic acid;Succinic acid;Alpha-Ketoglutaric acid;Pyruvate;Acetyl-CoA"
Biosynthesis of alkaloids derived from shikimate pathway,"1-Methyl-6,7-Dihydroxy-1,2,3,4-Tetrahydroisoquinoline;5-Hydroxy-L-Tryptophan;3-Methoxytyramine;3,4-Dihydroxy-L-Phenylalanine;Dopamine;Tyramine;3-Dehydroshikimate;Benzoate;Glycerate-1,3-diphosphate;Shikimate;D-Glucose-6-phosphate;Isocitric acid;Citrate;L-Valine;(S)-Malate;3-(4-Hydroxyphenyl)pyruvate;L-2-Phosphoglyceric acid;Anthranilate;L-Tryptophan;Succinyl-CoA;D-(-)-3-Phosphoglyceric acid;L-Phenylalanine;Fumarate;Glyceraldehyde 3-phosphate;Phospho(enol)pyruvic acid;Oxaloacetate;Succinic acid;Alpha-Ketoglutaric acid;L-Tyrosine;Pyruvate;Acetyl-CoA"
Biosynthesis of alkaloids derived from terpenoid and polyketide,Caprylic acid;DL-3-Hydroxy-3-Methylglutaryl Coenzyme A;D-Glucose-6-phosphate;Isocitric acid;Geranyl pyrophosphate;Citrate;(S)-Malate;Succinyl-CoA;D-(-)-3-Phosphoglyceric acid;Fumarate;Glyceraldehyde 3-phosphate;Oxaloacetate;Succinic acid;Alpha-Ketoglutaric acid;Pyruvate;Acetyl-CoA
Biosynthesis of amino acids,"S-(5'-adenosyl)-L-Homocysteine;Citrulline;L-Histidinol;L-Cystathionine;L-Homocysteine;N-Acetyl-DL-Glutamic acid;O-Succinyl-L-Homoserine;LL-2,6-diaminoheptanedioate;Alpha-Aminoadipate;L-Asparagine;L-Homoserine;2-Oxoadipic acid;3-Dehydroshikimate;O-Acetyl-L-Serine;Phenylpyruvate;D-Ribose 5-phosphate;L-Histidine;L-Leucine;L-Proline;S-(5'-adenosyl)-L-methionine;Shikimate;Xylulose 5-phosphate;Glycerate-1,3-diphosphate;L-Methionine;L-Threonine;O-Phospho-L-Serine;L-Arginine;L-Isoleucine;L-Ornithine;L-Glutamine;L-Valine;3-(4-Hydroxyphenyl)pyruvate;L-Alanine;L-Lysine;L-2-Phosphoglyceric acid;Dihydroxyacetone phosphate;Isocitric acid;Anthranilate;L-Cysteine;L-Tryptophan;Citrate;Glycine;L-Serine;L-Phenylalanine;Phospho(enol)pyruvic acid;D-(-)-3-Phosphoglyceric acid;Glyceraldehyde 3-phosphate;L-Glutamic acid;L-Tyrosine;L-Aspartic acid;Oxaloacetate;Alpha-Ketoglutaric acid;Pyruvate"
Biosynthesis of ansamycins,3-Amino-5-Hydroxybenzoic acid
Biosynthesis of cofactors,"(S)-Dihydroorotate;7,8-Dihydro-L-Biopterin;Biotin;Dethiobiotin;DL-Kynurenine;Glutathione disulfide;Nicotinamide;Orotate;Pimelic acid;Thiamine monophosphate;Thiamine;Cytidine 5'-diphosphate;Dimethylbenzimidazole;Flavin adenine dinucleotide;Glutathione;Pyridoxal 5'-phosphate;Pyridoxal;Pyridoxine;Riboflavin;S-(5'-adenosyl)-L-Homocysteine;Uridine-5-monophosphate;Uridine 5'-triphosphate;Vitamin k2;3-Hydroxyanthranilate;Cytidine 5'-triphosphate;D-(+)-Galacturonic acid;D-Pantothenic acid;Folic acid;Uridine 5'-diphosphate;4-Aminobenzoate;Beta-Nicotinamide Adenine Dinucleotide Phosphate;Caprylic acid;Coenzyme A;D-Glucuronic acid;D-Mannose 6-phosphate;Homogentisate;L-Cystathionine;NAD;Uridine 5'-diphosphoglucuronic acid;5-Aminolevulinic acid;Beta-Alanine;Guanosine 5'-triphosphate;Pyridine-2,3-Dicarboxylate;Adenosine 5'-diphosphate;Inosine 5'-phosphate;Nicotinate;Thiamine pyrophosphate;Tyramine;Adenosine 5'-monophosphate;Adenosine 5'-triphosphate;2-Oxoadipic acid;3-Dehydroshikimate;D-Ribose 5-phosphate;S-(5'-adenosyl)-L-methionine;Shikimate;4-Hydroxybenzoate;L-Methionine;L-Valine;3-(4-Hydroxyphenyl)pyruvate;Alpha-D-Glucose 1-phosphate;L-Glutamine;D-Glucose-6-phosphate;Isocitric acid;L-Cysteine;L-Tryptophan;Citrate;Glycine;L-Serine;Phospho(enol)pyruvic acid;D-(-)-3-Phosphoglyceric acid;Glyceraldehyde 3-phosphate;L-Glutamic acid;L-Tyrosine;L-Aspartic acid;Oxaloacetate;Alpha-Ketoglutaric acid;Acetyl-CoA;Pyruvate"
Aflatoxin biosynthesis,Acetyl-CoA
Biosynthesis of enediyne antibiotics,L-Tyrosine
Biosynthesis of nucleotide sugars,D-(+)-Glucosamine;N-Acetyl-D-Glucosamine;N-Acetyl-Glucosamine-6-phosphate;Uridine 5'-diphosphogalactose;Alpha-D-Galactose 1-phosphate;D-Glucosamine 6-phosphate;N-Acetyl-D-Galactosamine;N-Acetyl-D-Mannosamine;N-Acetylneuraminate;6-Deoxy-L-Galactose;Adenosine-5'-diphosphoglucose;Arabinose;D-(-)-Arabinose;D-(+)-Galacturonic acid;D-Glucuronic acid;D-Mannose 6-phosphate;Uridine 5'-diphospho-n-acetylgalactosamine;Uridine 5'-diphosphoglucuronic acid;Myo-inositol;Thymidine-5'-diphospho-Alpha-D-glucose;Uridine 5'-diphospho-n-acetylglucosamine;Alpha-D-Glucose 1-phosphate;D-Glucose-6-phosphate
Biosynthesis of phenylpropanoids,"Ferulate;4-Aminobenzoate;Folic acid;2,3-Dihydroxybenzoate;Glycerate-1,3-diphosphate;3-Dehydroshikimate;4-Coumarate;Isocitric acid;Shikimate;3,4-Dihydroxybenzoate;D-Glucose-6-phosphate;Salicylate;4-Hydroxybenzoate;Citrate;(S)-Malate;L-2-Phosphoglyceric acid;Anthranilate;D-(-)-3-Phosphoglyceric acid;L-Tryptophan;Succinyl-CoA;Fumarate;Glyceraldehyde 3-phosphate;L-Phenylalanine;Phospho(enol)pyruvic acid;Oxaloacetate;Succinic acid;Alpha-Ketoglutaric acid;Pyruvate;Acetyl-CoA"
Biosynthesis of plant hormones,"Indole-3-acetate;1-Aminocyclopropane-1-Carboxylate;(RS)-Mevalonic acid;Inosine 5'-phosphate;Adenosine 5'-monophosphate;Gamma,gamma-dimethylallyl pyrophosphate;Isopentenyl Pyrophosphate;DL-3-Hydroxy-3-Methylglutaryl Coenzyme A;L-Methionine;S-(5'-adenosyl)-L-methionine;Salicylate;Shikimate;Trans-cinnamate;D-Glucose-6-phosphate;Isocitric acid;Geranyl pyrophosphate;Anthranilate;Citrate;(S)-Malate;L-Tryptophan;L-Phenylalanine;Phospho(enol)pyruvic acid;Succinyl-CoA;D-(-)-3-Phosphoglyceric acid;Fumarate;Glyceraldehyde 3-phosphate;L-Aspartic acid;Oxaloacetate;Succinic acid;Alpha-Ketoglutaric acid;Pyruvate;Acetyl-CoA"
Biosynthesis of plant secondary metabolites,"(RS)-Mevalonic acid;1-Aminocyclopropane-1-Carboxylate;Caffeine;Guanosine 5'-monophosphate;Inosine 5'-phosphate;Paraxanthine;Theobromine;Theophylline;Trans-cinnamaldehyde;Xanthosine 5'-monophosphate;5'-Methylthioadenosine;5-Aminoimidazole-4-Carboxamide-1-Beta-D-Ribofuranosyl 5'-monophosphate;5-Aminolevulinic acid;Adenosine 5'-monophosphate;Caprylic acid;Glycerate-1,3-diphosphate;Linoleate;Nicotinate;Pipecolate;Stearate;Xanthine;3-Dehydroshikimate;3,4-Dihydroxy-L-Phenylalanine;DL-3-Hydroxy-3-Methylglutaryl Coenzyme A;Dopamine;Gamma,gamma-dimethylallyl pyrophosphate;Isocitric acid;Isopentenyl Pyrophosphate;L-Asparagine;Oleate;Pyridine-2,3-Dicarboxylate;Shikimate;Tyramine;Cadaverine;D-Glucose-6-phosphate;L-Leucine;Phenylpyruvate;Citrate;L-Histidine;L-Methionine;Palmitate;S-(5'-adenosyl)-L-methionine;Trans-cinnamate;(S)-Malate;L-2-Phosphoglyceric acid;L-Isoleucine;L-Ornithine;L-Threonine;L-Arginine;L-Lysine;L-Valine;3-(4-Hydroxyphenyl)pyruvate;Geranyl pyrophosphate;L-Alanine;Anthranilate;L-Glutamine;Alpha-D-Glucose 1-phosphate;D-(-)-3-Phosphoglyceric acid;L-Tryptophan;Succinyl-CoA;Fumarate;Glyceraldehyde 3-phosphate;L-Phenylalanine;Phospho(enol)pyruvic acid;L-Cysteine;Glycine;L-Serine;Oxaloacetate;Succinic acid;Alpha-Ketoglutaric acid;L-Aspartic acid;L-Glutamic acid;L-Tyrosine;Pyruvate;Acetyl-CoA"
Biosynthesis of secondary metabolites,"3-Amino-5-Hydroxybenzoic acid;Diacetyl;Methyl Jasmonate;N6-(delta2-Isopentenyl)-adenine;Stearidonic acid;6-Phosphogluconic acid;Acetoin;Citrulline;D-(+)-Trehalose;D-Gluconic acid;Flavin adenine dinucleotide;L-Histidinol;Maltose;Melatonin;N-Acetyl-DL-Glutamic acid;N-Acetylserotonin;Riboflavin;Vitamin k2;(S)-Nicotine;3-Amino-4-Hydroxybenzoic acid;3-Methylcrotonyl-CoA;4-Hydroxy-L-Phenylglycine;Adenine;Adenosine-5'-diphosphoglucose;D-Ornithine;D-Pantothenic acid;DL-2,3-Diaminopropionic acid;Ferulate;Histamine;L-Cystathionine;L-Homocysteine;Lauric acid;LL-2,6-diaminoheptanedioate;O-Succinyl-L-Homoserine;Paraxanthine;Sn-glycerol 3-phosphate;Sucrose;Trans-cinnamaldehyde;1-Aminocyclopropane-1-Carboxylate;2,3-Dihydroxybenzoate;5-Aminolevulinic acid;Alpha-Aminoadipate;Caffeine;Coenzyme A;D-Fructose;D-Mannose 6-phosphate;Fructose 1,6-bisphosphate;Guanosine 5'-triphosphate;Theobromine;Theophylline;Xanthosine 5'-monophosphate;Xanthosine;(RS)-Mevalonic acid;2-Oxoadipic acid;5-Aminoimidazole-4-Carboxamide-1-Beta-D-Ribofuranosyl 5'-monophosphate;Adenosine 5'-diphosphate;Beta-Alanine;D-Fructose 6-phosphate;Indole;Inosine 5'-phosphate;L-Asparagine;L-Homoserine;Myo-inositol;Nicotinate;O-Acetyl-L-Serine;Pipecolate;Xanthine;(S)-Lactate;3,4-Dihydroxy-L-Phenylalanine;4-Coumarate;Adenosine 5'-monophosphate;Adenosine 5'-triphosphate;D-Ribose 5-phosphate;Dopamine;Glycerate;Phenylpyruvate;Thymidine-5'-diphospho-Alpha-D-glucose;Tyramine;Xylulose 5-phosphate;3-Dehydroshikimate;3,4-Dihydroxybenzoate;Benzoate;Cadaverine;Gamma,gamma-dimethylallyl pyrophosphate;Glycerate-1,3-diphosphate;Isopentenyl Pyrophosphate;L-Leucine;O-Phospho-L-Serine;4-Hydroxybenzoate;DL-3-Hydroxy-3-Methylglutaryl Coenzyme A;L-Histidine;L-Methionine;L-Proline;L-Threonine;S-(5'-adenosyl)-L-methionine;Salicylate;Shikimate;Trans-cinnamate;Alpha-D-Glucose;L-Isoleucine;L-Ornithine;Glyoxylic acid;L-Alanine;L-Arginine;L-Lysine;L-Valine;3-(4-Hydroxyphenyl)pyruvate;L-2-Phosphoglyceric acid;Alpha-D-Glucose 1-phosphate;D-Glucose-6-phosphate;Dihydroxyacetone phosphate;Isocitric acid;Geranyl pyrophosphate;Anthranilate;Citrate;L-Cysteine;(S)-Malate;Glycine;L-Serine;L-Tryptophan;L-Phenylalanine;Phospho(enol)pyruvic acid;Succinyl-CoA;D-(-)-3-Phosphoglyceric acid;Fumarate;Glyceraldehyde 3-phosphate;L-Glutamic acid;L-Aspartic acid;L-Tyrosine;Oxaloacetate;Succinic acid;Alpha-Ketoglutaric acid;Pyruvate;Acetyl-CoA"
Biosynthesis of siderophore group nonribosomal peptides,"2,3-Dihydroxybenzoate;3-Dehydroshikimate;3,4-Dihydroxybenzoate;Citrate;Salicylate"
Biosynthesis of terpenoids and steroids,"(RS)-Mevalonic acid;DL-3-Hydroxy-3-Methylglutaryl Coenzyme A;Gamma,gamma-dimethylallyl pyrophosphate;Glycerate-1,3-diphosphate;Isopentenyl Pyrophosphate;Isocitric acid;Citrate;(S)-Malate;L-2-Phosphoglyceric acid;Geranyl pyrophosphate;D-(-)-3-Phosphoglyceric acid;Fumarate;Glyceraldehyde 3-phosphate;Phospho(enol)pyruvic acid;Oxaloacetate;Succinic acid;Alpha-Ketoglutaric acid;Pyruvate;Acetyl-CoA"
Biosynthesis of type II polyketide backbone,Acetyl-CoA
Biosynthesis of unsaturated fatty acids,"Adrentic acid;Arachidic acid;Cis-5,8,11,14,17-eicosapentaenoic acid;Docosahexaenoic acid;Docosapentaenoic acid;Erucic acid;Lignoceric acid;Nervonic acid;Dihomo-gamma-Linolenic acid;Gamma-linolenic acid;Linoleate;Stearate;Arachidonic acid;Oleate;Palmitate"
African trypanosomiasis,DL-Kynurenine;L-Tryptophan
Biosynthesis of vancomycin group antibiotics,4-Hydroxy-L-Phenylglycine;Thymidine-5'-diphospho-Alpha-D-glucose;3-(4-Hydroxyphenyl)pyruvate;L-Tyrosine
Biosynthesis of various alkaloids,Shikimate;Salicylate;Trans-cinnamate;Benzoate;Anthranilate;L-Tryptophan;L-Phenylalanine;Phospho(enol)pyruvic acid;Acetyl-CoA
Biosynthesis of various antibiotics,"3-Amino-4-Hydroxybenzoic acid;DL-2,3-Diaminopropionic acid;Isopentenyl Pyrophosphate;O-Acetyl-L-Serine;Adenosine 5'-triphosphate;L-Ornithine;O-Phospho-L-Serine;3-(4-Hydroxyphenyl)pyruvate;Geranyl pyrophosphate;L-Arginine;Anthranilate;D-(-)-3-Phosphoglyceric acid;Phospho(enol)pyruvic acid;Oxaloacetate;L-Serine;L-Aspartic acid;L-Tyrosine;Alpha-Ketoglutaric acid;L-Glutamic acid;Acetyl-CoA;Pyruvate"
Biosynthesis of various other secondary metabolites,"3-Amino-4-Hydroxybenzoic acid;DL-2,3-Diaminopropionic acid;D-Ornithine;Isopentenyl Pyrophosphate;L-Ornithine;O-Phospho-L-Serine;Geranyl pyrophosphate;Anthranilate;L-Lysine;L-Alanine;D-(-)-3-Phosphoglyceric acid;L-Tryptophan;L-Phenylalanine;Oxaloacetate;L-Serine;L-Aspartic acid;L-Tyrosine;Alpha-Ketoglutaric acid;L-Glutamic acid;Acetyl-CoA;Pyruvate"
Biosynthesis of various plant secondary metabolites,3-Dehydroshikimate;3-(2-Hydroxyphenyl)propanoate;Shikimate;Indole;L-Methionine;S-(5'-adenosyl)-L-methionine;Trans-cinnamate;Geranyl pyrophosphate;Anthranilate;L-Tryptophan;L-Phenylalanine;Phospho(enol)pyruvic acid;Oxaloacetate;L-Aspartic acid;L-Tyrosine;Acetyl-CoA
Biotin metabolism,Biotin;Dethiobiotin;Pimelic acid;L-Lysine
Bisphenol degradation,4-Hydroxybenzoate;Hydroquinone
Butanoate metabolism,(R)-Malate;3-Hydroxybutanoic acid;Acetoin;Butanal;Butanoate;Diacetyl;DL-3-Hydroxy-3-Methylglutaryl Coenzyme A;Maleic acid;4-Aminobutyric acid;Acetoacetate;Fumarate;Succinyl-CoA;L-Glutamic acid;Succinic acid;Alpha-Ketoglutaric acid;Pyruvate;Acetyl-CoA
C-type lectin receptor signaling pathway,6-Deoxy-L-Galactose
C5-Branched dibasic acid metabolism,Citramalate;Itaconate;Trans-aconitate;Acetoin;Citraconic acid;Glyoxylic acid;L-Glutamic acid;Alpha-Ketoglutaric acid;Pyruvate
AGE-RAGE signaling pathway in diabetic complications,Alpha-D-Glucose
Caffeine metabolism,Caffeine;Paraxanthine;Theobromine;Theophylline;Glyoxylic acid;Xanthine;Xanthosine
Calcium signaling pathway,"Cyclic ADP-ribose;Nicotinic acid adenine dinucleotide phosphate;Adenosine 3',5'-cyclic monophosphate;Adenosine 5'-triphosphate"
cAMP signaling pathway,"Acetylcholine;3-Hydroxybutanoic acid;Epinephrine;Adenosine;Dopamine;(S)-Lactate;4-Aminobutyric acid;Adenosine 3',5'-cyclic monophosphate;Adenosine 5'-monophosphate;Succinic acid"
Caprolactam degradation,"Adipic acid;Trans-Cyclohexane-1,2-Diol"
Carbapenem biosynthesis,Coenzyme A;L-Proline;L-Cysteine;L-Glutamic acid
Carbohydrate digestion and absorption,Butanoate;D-Lactose;Propionate;Maltose;Sucrose;D-Fructose;Alpha-D-Glucose
Carbon fixation in photosynthetic organisms,"Glycerate-1,3-diphosphate;Fructose 1,6-bisphosphate;D-Fructose 6-phosphate;D-Ribose 5-phosphate;(S)-Malate;Xylulose 5-phosphate;L-Alanine;Phospho(enol)pyruvic acid;D-(-)-3-Phosphoglyceric acid;Glyceraldehyde 3-phosphate;Oxaloacetate;Dihydroxyacetone phosphate;L-Aspartic acid;Pyruvate"
Carbon fixation pathways in prokaryotes,Isocitric acid;Citrate;(S)-Malate;Phospho(enol)pyruvic acid;Glyoxylic acid;Fumarate;Oxaloacetate;Succinyl-CoA;Succinic acid;Alpha-Ketoglutaric acid;Pyruvate;Acetyl-CoA
Carbon metabolism,"Trimethylamine;6-Phosphogluconic acid;D-Gluconic acid;Fructose 1,6-bisphosphate;D-Fructose 6-phosphate;O-Acetyl-L-Serine;D-Ribose 5-phosphate;Glycerate;Xylulose 5-phosphate;Glycerate-1,3-diphosphate;O-Phospho-L-Serine;Glyoxylic acid;L-Alanine;L-2-Phosphoglyceric acid;D-Glucose-6-phosphate;Dihydroxyacetone phosphate;Isocitric acid;Citrate;L-Cysteine;(S)-Malate;Glycine;L-Serine;Phospho(enol)pyruvic acid;Succinyl-CoA;D-(-)-3-Phosphoglyceric acid;Fumarate;Glyceraldehyde 3-phosphate;L-Glutamic acid;L-Aspartic acid;Oxaloacetate;Succinic acid;Alpha-Ketoglutaric acid;Pyruvate;Acetyl-CoA"
Carotenoid biosynthesis,Geranyl pyrophosphate
"Alanine, aspartate and glutamate metabolism",4-Aminobutyric acid;D-Aspartic acid;D-Glucosamine 6-phosphate;L-Alanine;L-Asparagine;N-Acetyl-L-Aspartic acid;Citrate;L-Aspartic acid;L-Glutamic acid;Oxaloacetate;Succinic acid;Fumarate;L-Glutamine;Alpha-Ketoglutaric acid;Pyruvate
Cationic antimicrobial peptide (CAMP) resistance,O-Phosphorylethanolamine;D-Alanine
Cell cycle - yeast,"Adenosine 3',5'-cyclic monophosphate"
Central carbon metabolism in cancer,"Fructose 1,6-bisphosphate;L-Asparagine;(S)-Lactate;D-Fructose 6-phosphate;L-Histidine;L-Proline;L-Leucine;L-Methionine;L-2-Phosphoglyceric acid;L-Isoleucine;L-Valine;Isocitric acid;L-Alanine;L-Arginine;L-Cysteine;L-Glutamine;Citrate;L-Phenylalanine;(S)-Malate;L-Tryptophan;D-(-)-3-Phosphoglyceric acid;L-Serine;Phospho(enol)pyruvic acid;Glycine;Fumarate;Alpha-D-Glucose;Oxaloacetate;Succinic acid;L-Aspartic acid;L-Tyrosine;Alpha-Ketoglutaric acid;L-Glutamic acid;Pyruvate;Acetyl-CoA"
cGMP-PKG signaling pathway,"Guanosine 3',5'-cyclic monophosphate;Adenosine;Guanosine 5'-monophosphate;Adenosine 3',5'-cyclic monophosphate;Adenosine 5'-monophosphate"
Chagas disease,"L-Arginine;Adenosine 3',5'-cyclic monophosphate"
Chemical carcinogenesis - reactive oxygen species,S-(5'-adenosyl)-L-Homocysteine;Glutathione disulfide;Hydroquinone;Glutathione;Beta-Nicotinamide Adenine Dinucleotide Phosphate;NAD;S-(5'-adenosyl)-L-methionine
Chemical carcinogenesis - receptor activation,"Bis(2-ethylhexyl)phthalate;(S)-Nicotine;Epinephrine;Adenosine 3',5'-cyclic monophosphate"
Chemokine signaling pathway,"Adenosine 3',5'-cyclic monophosphate"
Chloroalkane and chloroalkene degradation,Oxalic acid;Glyoxylic acid;Acetyl-CoA
Chlorocyclohexane and chlorobenzene degradation,Hydroquinone;Succinic acid
Alcoholic liver disease,Beta-Nicotinamide Adenine Dinucleotide Phosphate;NAD;Acetyl-CoA
Cholesterol metabolism,Glycochenodeoxycholate;Glycocholate
Choline metabolism in cancer,Cytidine 5'-Diphosphocholine;Phosphocholine;Sn-glycerol 3-phosphate;Choline
Cholinergic synapse,"Acetylcholine;Choline;Coenzyme A;Adenosine 3',5'-cyclic monophosphate;Acetyl-CoA"
Circadian entrainment,"Melatonin;Guanosine 3',5'-cyclic monophosphate;Adenosine 3',5'-cyclic monophosphate;L-Glutamic acid"
Circadian rhythm,"Adenosine 3',5'-cyclic monophosphate"
Citrate cycle (TCA cycle),(S)-Malate;Alpha-Ketoglutaric acid;Citrate;Fumarate;Isocitric acid;Succinic acid;Succinyl-CoA;Acetyl-CoA;Oxaloacetate;Phospho(enol)pyruvic acid;Pyruvate;Thiamine pyrophosphate
Clavulanic acid biosynthesis,L-Arginine;Glyceraldehyde 3-phosphate
Cocaine addiction,"3,4-Dihydroxyphenylacetate;3,4-Dihydroxy-L-Phenylalanine;Dopamine;L-Tyrosine;L-Glutamic acid;Adenosine 3',5'-cyclic monophosphate"
Cortisol synthesis and secretion,"11-Deoxycortisol (Reichstein's substance S);Cortisol;Adenosine 5'-monophosphate;Adenosine 3',5'-cyclic monophosphate"
Cushing syndrome,"11-Deoxycortisol (Reichstein's substance S);Cortisol;Adenosine 5'-monophosphate;Adenosine 3',5'-cyclic monophosphate"
